RK,Player,Nation,pos,Squad,Age,Born,90s,cmp,Att,Cmp%,TotDis,PrgDist,cmp2,Att2,Cmp2%,cmp3,Att3,Cmp3%,cmp4,Att4,Cmp4%,Ast,xAG,xA,A-xAG,Kp,1/3,PPA,CrsPA,Prgp
1,Rodrigo Abajas, ESP,DF,Valencia,21-199,2003,0.7,17,29,58.6,268,110,11,14,78.6,4,7,57.1,2,7,28.6,0,0.0,0.0,0.0,0,0,0,0,2
2,Abel, ESP,DF,Osasuna,24-098,2000,9.2,273,395,69.1,4686,2165,141,159,88.7,100,142,70.4,25,68,36.8,0,0.3,0.5,-0.3,5,26,5,4,35
3,Nabil Aberdin, FRA,MF,Getafe,22-096,2002,2.9,36,61,59.0,680,267,12,20,60.0,12,19,63.2,8,13,61.5,0,0.0,0.1,0.0,1,7,2,0,6
4,Abdel Abqar, MAR,DF,Alavés,25-262,1999,11.5,260,363,71.6,5866,2313,77,88,87.5,134,154,87.0,47,107,43.9,1,0.1,0.2,+0.9,4,26,4,0,37
5,Julen Agirrezabala, ESP,GK,Athletic Club,23-337,2000,10.4,208,303,68.6,5582,4261,34,34,100.0,124,124,100.0,50,141,35.5,0,0.0,0.0,0.0,0,1,0,0,0
6,Lucien Agoume, FRA,MF,Sevilla,22-292,2002,7.6,327,411,79.6,5030,1384,178,201,88.6,111,137,81.0,26,42,61.9,0,0.2,0.2,-0.2,6,28,2,0,31
7,Álvaro Aguado, ESP,MF,Espanyol,28-210,1996,3.5,125,164,76.2,2375,730,40,55,72.7,69,79,87.3,14,22,63.6,0,0.0,0.2,0.0,2,19,7,3,24
8,Nayef Aguerd, MAR,DF,Real Sociedad,28-242,1996,9.7,622,695,89.5,11823,4087,244,255,95.7,307,325,94.5,65,99,65.7,0,0.1,0.1,-0.1,3,42,1,0,29
9,Joseph Aidoo, GHA,DF,Celta Vigo,29-059,1995,7,6,7,85.7,126,81,1,1,100.0,5,5,100.0,,,,0,0.0,0.0,0.0,0,0,0,0,1
10,Ilias Akhomach, MAR,"MF,FW",Villarreal,20-225,2004,6.5,136,185,73.5,2161,534,76,88,86.4,46,63,73.0,8,14,57.1,0,1.0,1.7,-1.0,9,5,8,2,12
11,Raúl Albiol, ESP,DF,Villarreal,39-084,1985,9.2,455,517,88.0,9210,3682,139,149,93.3,259,280,92.5,54,81,66.7,0,0.0,0.1,0.0,0,16,0,0,18
12,Omar Alderete, PAR,DF,Getafe,27-337,1996,13.0,345,511,67.5,8204,3944,87,110,79.1,175,223,78.5,80,155,51.6,0,0.8,0.6,-0.8,6,68,7,0,57
13,Carles Aleñá, ESP,"MF,FW",Getafe,26-327,1998,3.5,65,82,79.3,1050,220,33,37,89.2,22,28,78.6,6,10,60.0,0,0.0,0.1,0.0,1,8,1,0,8
14,Alfon, ESP,"FW,MF",Celta Vigo,25-207,1999,2.7,49,68,72.1,650,137,32,35,91.4,14,20,70.0,1,4,25.0,0,0.8,0.5,-0.8,7,1,2,1,7
15,Tadeo Allende, ARG,FW,Celta Vigo,25-281,1999,3,1,3,33.3,7,1,1,2,50.0,,,,,,,0,0.0,0.0,0.0,0,0,0,0,0
16,Domingos André Ribeiro Almeida, POR,"FW,MF",Valencia,24-181,2000,5.1,190,231,82.3,3287,806,90,96,93.8,73,83,88.0,20,32,62.5,0,0.3,1.2,-0.3,8,27,7,2,34
17,Iker Almena, ESP,"FW,DF",Girona,20-207,2004,0.5,23,32,71.9,328,34,13,14,92.9,10,14,71.4,1,1,0.0,1,0.7,0.4,+0.3,2,0,0,0,2
18,Marcos Alonso, ESP,"DF,MF",Celta Vigo,33-335,1990,9.1,575,659,87.3,9887,3803,247,265,93.2,280,298,94.0,36,70,51.4,0,0.2,0.3,-0.2,4,53,6,1,49
19,Adrià Altimira, ESP,"DF,FW",Leganés,23-244,2001,6.6,168,209,80.4,2859,760,87,96,90.6,64,79,81.0,16,28,57.1,0,0.0,0.2,0.0,1,18,2,0,17
20,Sergi Altimira, ESP,MF,Betis,23-094,2001,8.2,428,479,89.4,7081,1628,214,232,92.2,166,177,93.8,37,46,80.4,1,0.9,0.7,+0.1,7,33,7,0,43
21,Hugo Álvarez, ESP,"MF,DF",Celta Vigo,21-148,2003,11.1,503,631,79.7,7713,1999,274,309,88.7,198,236,83.9,21,40,52.5,1,0.6,1.1,+0.4,10,16,10,2,33
22,Julián Álvarez, ARG,"FW,MF",Atlético Madrid,24-301,2000,8.8,212,274,77.4,2861,615,130,151,86.1,60,73,82.2,9,17,52.9,1,0.8,0.6,+0.2,10,8,8,1,19
23,Yeray Álvarez, ESP,DF,Athletic Club,29-308,1995,7.0,330,395,83.5,6686,2113,89,103,86.4,214,234,91.5,27,53,50.9,0,0.0,0.1,0.0,2,24,2,1,47
24,Selim Amallah, MAR,"MF,FW",Valladolid,28-012,1996,7.4,136,181,75.1,2328,772,76,81,93.8,40,51,78.4,17,34,50.0,1,0.2,0.4,+0.8,5,18,3,0,26
25,Amath, SEN,"FW,DF",Valladolid,28-134,1996,3.3,50,68,73.5,789,235,28,32,87.5,14,17,82.4,5,10,50.0,1,0.2,0.1,+0.8,4,4,3,1,10
,,,,,,,,,,,,,,,,,,,,,,,,,,,,,,
26,Marcos André, BRA,FW,Valladolid,28-038,1996,3.3,34,49,69.4,638,112,19,22,86.4,8,15,53.3,6,6,100.0,0,0.0,0.1,0.0,0,3,0,0,4
27,Antoniu, ESP,"MF,DF",Espanyol,22-083,2002,0.7,6,16,37.5,70,15,4,7,57.1,2,4,50.0,,2,0.0,0,0.1,0.0,-0.1,1,1,0,0,0
28,Anuar, MAR,"MF,FW",Valladolid,29-317,1995,4.2,46,74,62.2,673,123,20,30,66.7,18,27,66.7,3,7,42.9,0,0.2,0.2,-0.2,2,1,0,0,2
29,Aritz Arambarri, ESP,DF,Leganés,26-301,1998,2.0,49,67,73.1,1025,258,11,13,84.6,34,41,82.9,4,12,33.3,0,0.0,0.0,0.0,0,1,0,0,2
30,Mauro Arambarri, URU,MF,Getafe,29-058,1995,10.2,197,290,67.9,3558,843,83,117,70.9,83,110,75.5,23,42,54.8,0,0.1,0.1,-0.1,4,24,1,0,26
31,Jon Aramburu, VEN,DF,Real Sociedad,22-127,2002,9.3,427,549,77.8,6541,2447,214,236,90.7,174,228,76.3,22,46,47.8,0,0.8,1.0,-0.8,10,31,6,5,36
32,Adu Ares, ESP,FW,Athletic Club,23-046,2001,0.2,5,9,55.6,64,15,3,5,60.0,2,3,66.7,,,,0,0.0,0.0,0.0,0,0,1,0,3
33,Jesús Areso, ESP,DF,Osasuna,25-148,1999,12.8,384,558,68.8,6380,3092,185,210,88.1,158,221,71.5,32,79,40.5,0,0.7,0.9,-0.7,9,39,21,14,39
34,David Argüelles, ESP,MF,Getafe,22-331,2002,0.1,3,5,60.0,25,2,3,4,75.0,,,,,1,0.0,0,0.0,0.0,0.0,0,0,0,0,0
35,José Arnaiz, ESP,FW,Osasuna,29-226,1995,0.3,8,14,57.1,113,51,4,4,100.0,2,4,50.0,1,3,33.3,0,0.1,0.1,-0.1,1,0,2,1,2
36,Takuma Asano, JPN,FW,Mallorca,30-017,1994,3.5,44,73,60.3,634,167,28,34,82.4,14,21,66.7,1,7,14.3,0,0.0,0.0,0.0,0,2,0,0,9
37,Raúl Asencio, ESP,DF,Real Madrid,21-288,2003,1.7,87,98,88.8,1440,639,43,45,95.6,39,46,84.8,4,6,66.7,1,0.4,0.3,+0.6,2,4,1,0,3
38,Iago Aspas, ESP,"FW,MF",Celta Vigo,37-118,1987,10.9,318,432,73.6,5428,1716,153,194,78.9,108,134,80.6,41,57,71.9,3,2.1,2.1,+0.9,17,41,20,3,68
39,Yaser Asprilla, COL,"FW,MF",Girona,21-008,2003,4.4,175,236,74.2,3142,972,82,92,89.1,69,83,83.1,23,45,51.1,0,0.6,1.8,-0.6,7,15,16,2,34
40,Ezequiel Ávila, ARG,FW,Betis,30-295,1994,4.6,112,157,71.3,1837,461,64,80,80.0,34,45,75.6,11,18,61.1,0,0.8,0.7,-0.8,13,0,9,5,17
41,César Azpilicueta, ESP,DF,Atlético Madrid,35-091,1989,5.3,339,388,87.4,5504,2286,156,165,94.5,155,171,90.6,19,41,46.3,0,0.0,0.3,0.0,0,28,3,1,39
42,Papa Ba, ESP,MF,Girona,20-076,2004,0.5,5,13,38.5,79,7,3,8,37.5,1,2,50.0,1,2,50.0,0,0.0,0.0,0.0,0,1,0,0,0
43,Loïc Bade, FRA,DF,Sevilla,24-230,2000,9.2,495,585,84.6,9490,3811,188,200,94.0,256,280,91.4,46,92,50.0,1,0.6,0.1,+0.4,2,24,0,0,10
44,Alex Baena, ESP,"MF,FW",Villarreal,23-130,2001,10.2,313,468,66.9,6351,2435,117,151,77.5,135,186,72.6,54,103,52.4,5,3.9,4.7,+1.1,42,38,26,4,65
45,Eric Bailly, CIV,DF,Villarreal,30-229,1994,5.9,236,265,89.1,4208,1650,92,96,95.8,121,131,92.4,21,35,60.0,0,0.0,0.0,0.0,0,16,0,0,13
46,Cédric Bakambu, COD,FW,Betis,33-230,1991,2.8,27,47,57.4,308,46,21,31,67.7,5,13,38.5,1,,,1,0.2,0.3,+0.8,3,4,1,0,3
47,Alejandro Balde, ESP,DF,Barcelona,21-040,2003,10.1,456,528,86.4,6951,1530,240,267,89.9,190,209,90.9,17,28,60.7,2,1.0,0.7,+1.0,8,17,12,4,26
48,Iván Balliu, ALB,DF,Rayo Vallecano,32-331,1992,6.6,208,280,74.3,3597,1518,89,102,87.3,105,130,80.8,13,37,35.1,0,0.2,0.1,-0.2,3,20,2,0,22
49,Jonathan Bamba, CIV,"FW,MF",Celta Vigo,28-246,1996,7.0,227,287,79.1,3179,772,134,157,85.4,64,77,83.1,13,21,61.9,0,1.3,1.4,-1.3,10,16,10,4,26
50,Valentín Barco, ARG,"DF,FW",Sevilla,20-127,2004,3.2,139,191,72.8,2140,895,77,88,87.5,38,53,71.7,13,30,43.3,0,0.6,0.3,-0.6,6,12,3,0,13
,,,,,,,,,,,,,,,,,,,,,,,,,,,,,,
51,Enzo Barrenechea, ARG,MF,Valencia,23-189,2001,4.6,174,215,80.9,3164,885,68,82,82.9,88,98,89.8,15,25,60.0,0,0.1,0.1,-0.1,2,27,0,0,16
52,Ander Barrenetxea, ESP,MF,Real Sociedad,22-336,2001,5.5,148,209,70.8,2620,513,79,96,82.3,46,66,69.7,21,26,80.8,1,0.9,1.1,+0.1,9,8,12,2,19
53,Pablo Barrios, ESP,MF,Atlético Madrid,21-165,2003,8.0,380,448,84.8,6085,1660,206,224,92.0,137,156,87.8,27,42,64.3,1,1.0,0.8,0.0,11,41,9,2,52
54,Thierno Barry, FRA,FW,Villarreal,22-037,2002,8.9,67,122,54.9,905,111,32,54,59.3,24,44,54.5,3,8,37.5,2,1.0,0.4,+1.0,8,3,3,0,8
55,Marc Bartra, ESP,DF,Betis,33-317,1991,6.3,276,345,80.0,5837,2108,83,86,96.5,145,166,87.3,46,85,54.1,0,0.0,0.1,0.0,0,18,3,0,20
56,Aboubacar Bassinga, CIV,MF,Las Palmas,19-137,2005,4,2,4,50.0,53,,1,1,100.0,1,,,,3,33.3,0,0.0,0.0,0.0,0,0,0,0,0
57,Augusto Batalla, ARG,GK,Rayo Vallecano,28-211,1996,9.0,194,305,63.6,6036,4441,26,27,96.3,98,100,98.0,70,175,40.0,0,0.0,0.0,0.0,0,12,0,0,2
58,Rafael Bauza, ESP,MF,Espanyol,19-302,2005,1.4,35,42,83.3,641,141,16,17,94.1,14,17,82.4,4,6,66.7,0,0.0,0.0,0.0,0,2,1,0,6
59,Sheraldo Becker, SUR,"MF,FW",Real Sociedad,29-292,1995,7.0,114,187,61.0,1941,472,62,85,72.9,42,65,64.6,9,22,40.9,0,0.9,0.8,-0.9,6,3,11,4,14
60,Donny van de Beek, NED,MF,Girona,27-223,1997,6.4,167,205,81.5,2514,519,94,106,88.7,57,67,85.1,9,13,69.2,2,2.7,2.5,-0.7,7,10,2,0,15
61,Héctor Bellerín, ESP,DF,Betis,29-253,1995,5.8,248,304,81.6,3882,1457,125,138,90.6,110,136,80.9,10,21,47.6,1,2.0,2.1,-1.0,7,14,4,2,24
62,Jude Bellingham, ENG,MF,Real Madrid,21-151,2003,8.7,453,510,88.8,6804,1644,275,298,92.3,140,153,91.5,28,37,75.7,2,1.0,0.8,+1.0,10,48,9,0,58
63,Fran Beltrán, ESP,MF,Celta Vigo,25-298,1999,9.2,440,494,89.1,7591,2322,187,204,91.7,210,228,92.1,37,47,78.7,0,0.8,0.6,-0.8,3,40,3,1,46
64,Carlos Benavídez, URU,MF,Alavés,26-242,1998,2.6,75,101,74.3,1398,511,35,40,87.5,29,34,85.3,10,21,47.6,1,0.6,0.3,+0.4,2,12,1,0,10
65,Iker Benito, ESP,"FW,MF",Osasuna,22-109,2002,0.4,9,13,69.2,128,7,4,6,66.7,3,4,75.0,1,2,50.0,0,0.0,0.0,0.0,1,0,0,0,0
66,Yuri Berchiche, ESP,DF,Athletic Club,34-291,1990,9.1,454,540,84.1,8094,2771,211,240,87.9,199,228,87.3,42,59,71.2,0,0.5,0.9,-0.5,6,48,5,2,66
67,Álex Berenguer, ESP,"FW,MF",Athletic Club,29-146,1995,8.0,196,292,67.1,3249,669,104,119,87.4,66,93,71.0,21,54,38.9,4,2.4,1.7,+1.6,12,13,9,3,22
68,Marc Bernal, ESP,MF,Barcelona,17-185,2007,2.7,148,160,92.5,2634,623,66,71,93.0,72,77,93.5,10,11,90.9,0,0.0,0.1,0.0,1,12,0,0,8
69,Juan Bernat, ESP,"DF,MF",Villarreal,31-271,1993,0.5,25,31,80.6,359,81,15,15,100.0,10,14,71.4,1,,,1,0.3,0.1,+0.7,2,0,0,0,2
70,Juan Berrocal, ESP,DF,Getafe,25-207,1999,5.3,116,157,73.9,2404,983,33,38,86.8,67,85,78.8,13,28,46.4,0,0.0,0.0,0.0,0,5,0,0,6
71,Antonio Blanco, ESP,MF,Alavés,24-127,2000,9.5,286,365,78.4,5389,2081,117,141,83.0,128,145,88.3,35,57,61.4,1,0.5,0.4,+0.5,6,39,8,3,46
72,Daley Blind, NED,DF,Girona,34-263,1990,10.9,871,974,89.4,15814,5601,374,393,95.2,400,434,92.2,91,127,71.7,1,0.6,1.2,+0.4,5,107,9,3,98
73,Adama Boiro, ESP,DF,Athletic Club,22-158,2002,3.7,115,144,79.9,1766,453,65,69,94.2,48,65,73.8,1,5,20.0,0,0.0,0.1,0.0,0,10,2,1,12
74,Enzo Boyomo, CMR,DF,Osasuna,23-051,2001,11.0,321,383,83.8,6095,2592,118,130,90.8,170,189,89.9,29,53,54.7,0,0.0,0.0,0.0,0,13,1,0,31
75,Enzo Boyomo, CMR,DF,Valladolid,23-051,2001,3.0,174,190,91.6,3007,1118,75,77,97.4,87,93,93.5,11,19,57.9,0,0.0,0.0,0.0,0,2,0,0,7
,,,,,,,,,,,,,,,,,,,,,,,,,,,,,,
76,Darko Brašanac, SRB,MF,Leganés,32-289,1992,8.8,216,277,78.0,3054,699,126,142,88.7,70,95,73.7,9,20,45.0,2,0.2,0.2,+1.8,6,13,2,0,27
77,Ante Budimir, CRO,FW,Osasuna,33-128,1991,11.3,96,165,58.2,1284,242,59,94,62.8,32,50,64.0,1,3,0.0,1,0.7,0.6,+0.3,6,4,4,0,13
78,Pau Cabanes, ESP,MF,Villarreal,19-284,2005,0.2,12,13,92.3,127,16,12,12,100.0,,,,,,,0,0.0,0.0,0.0,0,0,0,0,1
79,Leandro Cabrera, URU,DF,Espanyol,33-163,1991,8.0,272,385,70.6,5832,2917,86,99,86.9,140,172,81.4,43,102,42.2,0,0.2,0.3,-0.2,3,22,1,0,20
80,Fernando Calero, ESP,DF,Espanyol,29-074,1995,2.1,85,101,84.2,1884,784,20,20,100.0,47,54,87.0,17,24,70.8,0,0.0,0.0,0.0,0,1,0,0,1
81,Eduardo Camavinga, FRA,MF,Real Madrid,22-017,2002,4.3,229,262,87.4,3744,937,101,110,91.8,110,118,93.2,12,22,54.5,1,0.1,0.2,+0.9,4,21,3,0,24
82,Sergio Camello, ESP,FW,Rayo Vallecano,23-291,2001,7.8,138,172,80.2,1934,293,81,96,84.4,44,53,83.0,4,6,66.7,0,0.9,0.7,-0.9,12,8,4,0,17
83,José Campaña, ESP,MF,Las Palmas,31-180,1993,5.2,344,385,89.4,5754,2129,168,178,94.4,136,152,89.5,29,42,69.0,1,0.5,0.5,+0.5,6,30,4,1,35
84,Peio Canales, ESP,MF,Athletic Club,19-315,2005,0.2,9,11,81.8,153,1,6,7,85.7,2,3,66.7,1,1,100.0,0,0.0,0.0,0.0,0,1,0,0,0
85,Sergi Canós, ESP,MF,Valencia,27-299,1997,2.0,47,85,55.3,726,213,27,34,79.4,16,27,59.3,2,14,14.3,0,0.1,0.1,-0.1,3,2,1,1,4
86,Cárdenas, ESP,GK,Rayo Vallecano,27-244,1997,4.0,57,103,55.3,2015,1660,4,4,100.0,29,29,100.0,24,69,34.8,0,0.0,0.0,0.0,0,2,0,0,0
87,Irvin Cardona, FRA,"MF,FW",Espanyol,27-111,1997,3.9,56,90,62.2,829,272,32,41,78.0,17,28,60.7,4,15,26.7,1,0.5,0.9,+0.5,7,4,6,2,9
88,Marc Cardona, ESP,FW,Las Palmas,29-142,1995,0.8,21,24,87.5,289,47,12,12,100.0,7,8,87.5,1,1,100.0,0,0.0,0.1,0.0,0,1,0,0,0
89,Sergi Cardona, ESP,DF,Villarreal,25-142,1999,12.7,420,546,76.9,7141,2631,199,226,88.1,187,226,82.7,30,62,48.4,1,1.8,1.5,-0.8,15,24,18,10,29
90,Johnny Cardoso, USA,MF,Betis,23-068,2001,6.3,230,275,83.6,3598,928,122,137,89.1,87,98,88.8,14,23,60.9,1,0.8,0.4,+0.2,4,13,1,0,22
91,Carmona, ESP,DF,Sevilla,22-303,2002,13.7,650,798,81.5,10156,3932,335,383,87.5,270,318,84.9,25,49,51.0,0,0.8,0.4,-0.8,7,42,9,2,48
92,Sergio Carreira, ESP,"MF,DF",Celta Vigo,24-045,2000,2.6,97,113,85.8,1623,489,44,47,93.6,46,52,88.5,6,9,66.7,0,0.8,0.9,-0.8,3,1,6,2,8
93,Dani Carvajal, ESP,DF,Real Madrid,32-321,1992,6.8,399,463,86.2,6523,1419,197,212,92.9,170,195,87.2,26,35,74.3,0,0.2,0.3,-0.2,5,20,5,0,27
94,William Carvalho, POR,MF,Betis,32-234,1992,2.7,151,183,82.5,2361,796,87,96,90.6,42,51,82.4,14,24,58.3,0,0.0,0.1,0.0,1,18,1,0,20
95,Marc Casado, ESP,MF,Barcelona,21-074,2003,9.5,628,697,90.1,9981,2393,308,335,91.9,269,281,95.7,32,52,61.5,3,1.3,1.3,+1.7,7,65,4,0,62
96,Catena, ESP,DF,Osasuna,30-030,1994,13.0,359,471,76.2,7895,3401,94,108,87.0,202,223,90.6,61,129,47.3,0,0.0,0.1,0.0,1,23,1,0,31
97,Maximiliano Caufriez, BEL,DF,Valencia,27-285,1997,1.0,11,14,78.6,219,77,3,3,100.0,6,7,85.7,2,4,50.0,0,0.0,0.0,0.0,0,0,0,0,1
98,Dani Ceballos, ESP,MF,Real Madrid,28-112,1996,1.9,150,163,92.0,2494,820,75,79,94.9,66,67,98.5,8,13,61.5,0,0.0,0.2,0.0,0,19,1,0,18
99,Franco Cervi, ARG,DF,Celta Vigo,30-185,1994,0.1,4,5,80.0,64,28,2,2,100.0,2,3,66.7,,,,0,0.0,0.0,0.0,0,1,0,0,1
100,Raúl Chasco, ESP,DF,Valladolid,21-075,2003,1.4,35,58,60.3,730,329,15,19,78.9,13,20,65.0,7,16,43.8,0,0.0,0.1,0.0,1,5,1,0,3
,,,,,,,,,,,,,,,,,,,,,,,,,,,,,,
101,Pep Chavarría, ESP,DF,Rayo Vallecano,26-231,1998,6.3,276,357,77.3,4504,1633,136,151,90.1,111,139,79.9,22,41,53.7,1,0.2,0.2,+0.8,2,20,3,2,28
102,Walid Cheddira, MAR,FW,Espanyol,26-310,1998,4.0,34,50,68.0,456,115,21,27,77.8,9,11,81.8,1,4,25.0,1,0.7,0.2,+0.3,3,2,1,0,5
103,Julián Chicco, ARG,MF,Leganés,26-319,1998,1.9,57,70,81.4,952,328,27,32,84.4,24,27,88.9,5,7,71.4,0,0.1,0.1,-0.1,1,6,2,0,13
104,Chiquinho, POR,"MF,FW",Mallorca,24-296,2000,1.6,21,32,65.6,292,87,12,14,85.7,5,9,55.6,2,6,33.3,0,0.0,0.1,0.0,1,0,0,0,1
105,Andreas Christensen, DEN,DF,Barcelona,28-231,1996,0.3,14,16,87.5,254,77,4,5,80.0,10,11,90.9,,,,0,0.0,0.0,0.0,0,0,0,0,0
106,Jasper Cillessen, NED,GK,Las Palmas,35-219,1989,11.7,339,478,70.9,8155,5833,80,81,98.8,190,194,97.9,69,202,34.2,0,0.0,0.0,0.0,0,4,0,0,0
107,Pathé Ciss, SEN,MF,Rayo Vallecano,30-256,1994,4.3,174,213,81.7,2830,1010,87,96,90.6,75,86,87.2,8,16,50.0,1,0.6,0.2,+0.4,6,22,3,0,32
108,Seydouba Cissé, GUI,MF,Leganés,23-291,2001,10.1,395,463,85.3,6898,1491,171,191,89.5,171,193,88.6,43,62,69.4,0,0.2,0.2,-0.2,5,38,6,0,47
109,Silvi Clúa, ESP,MF,Girona,19-303,2005,1.8,75,95,78.9,1302,271,31,37,83.8,36,42,85.7,5,8,62.5,0,0.0,0.0,0.0,1,3,0,0,3
110,Eray Cömert, SUI,"MF,DF",Valladolid,26-297,1998,8.9,277,335,82.7,5713,1946,84,99,84.8,153,171,89.5,35,55,63.6,0,0.0,0.1,0.0,0,17,0,0,18
111,Santi Comesaña, ESP,MF,Villarreal,28-053,1996,10.2,436,498,87.6,7463,2278,206,225,91.6,194,212,91.5,30,40,75.0,2,0.9,1.1,+1.1,12,53,11,0,61
112,Diego Conde, ESP,GK,Villarreal,26-030,1998,13.0,285,359,79.4,7288,4820,53,54,98.1,166,171,97.1,65,132,49.2,1,0.2,0.0,+0.8,2,7,1,0,0
113,Tomás Conechny, ARG,"FW,MF",Alavés,26-242,1998,5.2,87,159,54.7,1377,491,50,76,65.8,29,49,59.2,6,20,30.0,0,0.2,0.7,-0.2,6,2,8,6,5
114,Copete, ESP,DF,Mallorca,25-048,1999,4.7,166,199,83.4,3228,1222,58,63,92.1,87,101,86.1,20,32,62.5,0,0.0,0.0,0.0,0,5,1,0,10
115,Ángel Correa, ARG,"FW,MF",Atlético Madrid,29-263,1995,4.2,96,134,71.6,1284,342,61,74,82.4,23,31,74.2,4,10,40.0,0,0.3,0.7,-0.3,5,8,5,1,10
116,Thierry Correia, POR,DF,Valencia,25-263,1999,8.5,330,441,74.8,5750,2179,160,183,87.4,137,172,79.7,31,67,46.3,0,0.3,0.8,-0.3,5,23,12,3,44
117,Logan Costa, CPV,DF,Villarreal,23-240,2001,9.2,431,489,88.1,8046,3128,167,178,93.8,208,223,93.3,49,81,60.5,0,0.0,0.2,0.0,0,37,3,0,43
118,Samu Costa, POR,MF,Mallorca,24-000,2000,12.2,516,623,82.8,9579,2839,223,253,88.1,217,248,87.5,69,94,73.4,2,1.0,1.0,+1.0,9,62,5,3,55
119,Thibaut Courtois, BEL,GK,Real Madrid,32-200,1992,10.0,305,350,87.1,7228,4563,63,63,100.0,177,178,99.4,65,109,59.6,0,0.0,0.0,0.0,0,2,0,0,0
120,Juan Cruz Armada, ESP,DF,Osasuna,32-122,1992,5.2,151,196,77.0,2331,1166,82,91,90.1,59,77,76.6,6,19,31.6,0,0.0,0.1,0.0,1,14,0,0,14
121,Juan Cruz, ESP,"FW,MF",Leganés,24-216,2000,9.6,206,322,64.0,3382,1543,110,138,79.7,75,107,70.1,17,54,31.5,1,1.3,1.6,-0.3,10,17,16,7,32
122,Pau Cubarsí, ESP,DF,Barcelona,17-310,2007,12.4,994,1061,93.7,19115,6590,315,332,94.9,588,612,96.1,83,104,79.8,1,0.9,0.4,+0.1,5,74,1,1,67
123,Arnaut Danjuma, NED,FW,Villarreal,27-301,1997,2.2,23,30,76.7,359,40,11,15,73.3,10,12,83.3,1,2,50.0,0,0.0,0.0,0.0,1,1,0,0,1
124,Arnaut Danjuma, NED,"FW,MF",Girona,27-301,1997,5.9,136,184,73.9,2343,545,70,80,87.5,48,64,75.0,15,23,65.2,0,0.4,0.7,-0.4,7,10,7,2,18
125,Sergi Darder, ESP,"MF,FW",Mallorca,30-341,1993,9.9,316,427,74.0,6284,1895,148,170,87.1,107,144,74.3,56,97,57.7,0,1.0,1.7,-1.0,21,39,15,7,39
,,,,,,,,,,,,,,,,,,,,,,,,,,,,,,
126,Rodrigo De Paul, ARG,MF,Atlético Madrid,30-187,1994,6.5,365,461,79.2,6108,1870,181,203,89.2,129,158,81.6,40,67,59.7,3,2.3,2.2,+0.7,15,41,19,7,61
127,Assane Diao, ESP,FW,Betis,19-081,2005,2.4,35,47,74.5,466,67,26,32,81.3,6,7,85.7,1,1,100.0,2,1.2,0.4,+0.8,6,1,1,1,1
128,Moussa Diarra, MLI,DF,Alavés,24-017,2000,6.4,207,247,83.8,3503,1618,96,105,91.4,96,107,89.7,13,24,54.2,0,0.0,0.1,0.0,0,21,4,1,31
129,Brahim Díaz, MAR,"FW,MF",Real Madrid,25-116,1999,2.5,114,135,84.4,1510,396,66,73,90.4,38,45,84.4,2,4,50.0,2,0.9,0.9,+1.1,6,9,5,0,14
130,Pedro Díaz, ESP,"MF,DF",Rayo Vallecano,26-175,1998,0.9,39,49,79.6,562,181,21,27,77.8,16,16,100.0,,3,0.0,0,0.1,0.1,-0.1,2,3,2,0,7
131,Diego, ESP,"FW,MF",Leganés,24-223,2000,2.1,28,44,63.6,458,33,17,22,77.3,8,18,44.4,3,3,100.0,0,0.1,0.0,-0.1,2,2,0,0,3
132,Álvaro djaló, ESP,FW,Athletic Club,25-103,1999,4.5,47,70,67.1,709,135,27,35,77.1,15,26,57.7,4,5,80.0,0,0.7,0.5,-0.7,3,5,3,2,6
133,Djené, TOG,DF,Getafe,32-332,1991,11.5,299,395,75.7,5682,2408,115,141,81.6,144,177,81.4,37,66,56.1,0,0.4,0.5,-0.4,3,26,6,3,35
134,Marko Dmitrović, SRB,GK,Leganés,32-308,1992,8.0,129,267,48.3,4279,3597,21,21,100.0,60,60,100.0,48,185,25.9,0,0.0,0.0,0.0,0,8,0,0,0
135,Marc Domenech, ESP,FW,Mallorca,18-331,2006,1.3,15,22,68.2,210,66,11,15,73.3,2,3,66.7,1,1,100.0,0,0.0,0.1,0.0,1,0,1,1,2
136,Carlos Dominguez, ESP,DF,Celta Vigo,23-290,2001,3.8,261,297,87.9,4870,1736,75,79,94.9,163,180,90.6,15,28,53.6,0,0.0,0.1,0.0,1,18,0,0,23
137,Israel Domínguez, ESP,FW,Sevilla,21-204,2003,0.2,2,2,100.0,24,,1,1,100.0,1,1,100.0,,,,0,0.0,0.0,0.0,0,0,0,0,0
138,Sergi Dominguez, ESP,DF,Barcelona,19-240,2005,1.9,171,180,95.0,3171,1062,57,57,100.0,106,112,94.6,7,10,70.0,0,0.0,0.0,0.0,0,13,0,0,13
139,Anastasios Douvikas, GRE,FW,Celta Vigo,25-117,1999,6.2,67,91,73.6,942,147,35,48,72.9,25,32,78.1,2,2,100.0,0,0.2,0.2,-0.2,2,2,1,0,6
140,Domingos Duarte, POR,DF,Getafe,29-262,1995,1.0,51,60,85.0,1075,372,15,15,100.0,32,35,91.4,4,10,40.0,0,0.0,0.0,0.0,0,3,0,0,5
141,Pablo Durán, ESP,"FW,MF",Celta Vigo,23-186,2001,2.1,40,55,72.7,529,69,23,27,85.2,12,16,75.0,2,5,40.0,1,0.5,0.2,+0.5,4,0,3,2,2
142,Hugo Duro, ESP,FW,Valencia,25-017,1999,8.6,108,149,72.5,1448,170,66,85,77.6,29,39,74.4,4,8,50.0,1,0.6,0.2,+0.4,7,6,1,0,9
143,Chidera Ejuke, NGA,"FW,MF",Sevilla,26-330,1998,6.0,211,265,79.6,3227,604,121,135,89.6,66,82,80.5,16,27,59.3,0,1.3,0.6,-1.3,14,11,13,2,23
144,Aritz Elustondo, ESP,DF,Real Sociedad,30-244,1994,3.1,166,199,83.4,2991,1110,63,70,90.0,88,98,89.8,12,25,48.0,0,0.1,0.1,-0.1,3,14,1,0,11
145,Adri Embarba, ESP,"FW,MF",Rayo Vallecano,32-204,1992,6.6,147,251,58.6,2526,713,81,102,79.4,40,63,63.5,21,60,35.0,1,1.1,0.8,-0.1,8,11,4,2,17
146,Endrick, BRA,FW,Real Madrid,18-129,2006,0.7,21,27,77.8,388,36,8,9,88.9,10,13,76.9,2,2,100.0,0,0.0,0.0,0.0,0,1,1,0,3
147,Alfonso Espino, URU,DF,Rayo Vallecano,32-327,1992,3.4,71,121,58.7,1165,698,36,40,90.0,29,53,54.7,5,20,25.0,0,0.0,0.0,0.0,1,10,0,0,8
148,Dario Essugo, POR,MF,Las Palmas,19-258,2005,8.4,399,457,87.3,6892,1927,179,196,91.3,179,200,89.5,35,46,76.1,0,0.1,0.5,-0.1,5,36,4,0,43
149,Abde Ezzalzouli, MAR,"FW,MF",Betis,22-346,2001,11.1,280,399,70.2,3523,1108,192,245,78.4,77,107,72.0,3,17,17.6,0,0.7,0.7,-0.7,12,24,11,1,44
150,Ansu Fati, ESP,FW,Barcelona,22-027,2002,1.4,53,63,84.1,607,86,40,42,95.2,10,13,76.9,1,3,33.3,0,0.1,0.2,-0.1,1,2,3,0,3
,,,,,,,,,,,,,,,,,,,,,,,,,,,,,,
151,Peter Federico, DOM,"MF,FW",Getafe,22-125,2002,2.6,35,54,64.8,516,175,17,23,73.9,12,18,66.7,3,4,75.0,0,0.0,0.1,0.0,1,1,3,1,4
152,Nabil Fekir, FRA,MF,Betis,31-132,1993,2.0,67,82,81.7,1052,381,38,43,88.4,20,23,87.0,6,10,60.0,1,0.5,0.8,+0.5,6,5,6,2,10
153,Kiko Femenía, ESP,DF,Villarreal,33-299,1991,11.3,637,713,89.3,10672,3441,323,334,96.7,263,295,89.2,43,63,68.3,1,0.5,0.9,+0.5,6,58,7,5,54
154,Álvaro Fernández, ESP,GK,Sevilla,26-228,1998,3.3,91,144,63.2,2473,1784,20,20,100.0,47,48,97.9,24,76,31.6,0,0.1,0.0,-0.1,1,2,0,0,0
155,Valery Fernández, ESP,"MF,FW",Mallorca,25-004,1999,1.5,30,36,83.3,385,140,21,25,84.0,4,5,80.0,2,2,100.0,0,0.0,0.1,0.0,0,1,2,1,3
156,Mateo Flores, ESP,MF,Betis,20-234,2004,0.3,7,8,87.5,146,41,2,3,66.7,5,5,100.0,,,,0,0.0,0.0,0.0,0,0,0,0,1
157,Pablo Fornals, ESP,"MF,FW",Betis,28-279,1996,10.6,388,507,76.5,6420,2483,196,226,86.7,143,186,76.9,37,62,59.7,0,1.9,2.0,-1.9,22,48,27,8,78
158,Héctor Fort, ESP,DF,Barcelona,18-117,2006,2.6,177,197,89.8,2583,530,99,104,95.2,65,73,89.0,6,8,75.0,0,0.6,1.1,-0.6,4,15,1,0,12
159,Dimitri Foulquier, FRA,DF,Valencia,31-249,1993,6.4,201,285,70.5,3218,1207,104,119,87.4,84,115,73.0,12,32,37.5,0,0.1,0.3,-0.1,1,15,3,1,14
160,Alejandro Francés, ESP,DF,Girona,22-118,2002,6.2,362,423,85.6,6770,1854,148,157,94.3,169,179,94.4,42,69,60.9,0,0.0,0.3,0.0,1,34,3,1,33
161,Enric Franquesa, ESP,"DF,FW",Leganés,27-275,1997,6.8,158,225,70.2,2513,1004,71,88,80.7,69,93,74.2,11,26,42.3,0,0.1,0.1,-0.1,2,5,2,2,12
162,Jorge de Frutos, ESP,"MF,FW",Rayo Vallecano,27-281,1997,10.6,201,277,72.6,2771,814,120,142,84.5,58,77,75.3,10,20,50.0,1,1.5,1.3,-0.5,12,6,17,8,20
163,Manuel Fuster, ESP,"FW,MF",Las Palmas,27-036,1997,3.3,143,181,79.0,2341,518,73,79,92.4,49,64,76.6,16,24,66.7,0,0.5,0.6,-0.5,10,9,9,3,17
164,Javi Galán, ESP,DF,Atlético Madrid,30-008,1994,4.0,171,206,83.0,2615,650,94,103,91.3,62,76,81.6,13,20,65.0,1,0.8,0.4,+0.2,4,12,5,1,12
165,Iñigo Ruiz de Galarreta, ESP,MF,Athletic Club,31-113,1993,6.2,291,349,83.4,5592,1650,104,118,88.1,155,170,91.2,31,51,60.8,1,1.1,1.1,-0.1,11,41,11,3,60
166,Conor Gallagher, ENG,MF,Atlético Madrid,24-295,2000,6.7,229,277,82.7,3121,702,151,169,89.3,64,80,80.0,7,15,46.7,0,0.1,0.2,-0.1,3,16,2,1,16
167,Álvaro García, ESP,"MF,FW",Rayo Vallecano,32-031,1992,8.0,172,263,65.4,2781,1050,88,115,76.5,62,92,67.4,14,31,45.2,0,1.2,1.4,-1.2,18,8,18,9,31
168,Eric García, ESP,MF,Barcelona,23-323,2001,4.9,264,291,90.7,4534,1590,109,125,87.2,129,134,96.3,18,19,94.7,1,0.4,0.5,+0.6,1,33,6,0,29
169,Fran Garcia, ESP,DF,Real Madrid,25-105,1999,5.6,334,369,90.5,4997,1138,208,220,94.5,98,107,91.6,20,29,69.0,0,0.2,0.4,-0.2,4,23,5,3,35
170,Joan García, ESP,GK,Espanyol,23-207,2001,13.0,292,414,70.5,8155,6203,53,53,100.0,133,136,97.8,105,223,47.1,0,0.0,0.0,0.0,0,4,1,0,1
171,Rubén García, ESP,"FW,MF",Osasuna,31-136,1993,7.7,246,344,71.5,4396,1271,123,149,82.6,80,105,76.2,33,57,57.9,2,0.6,1.2,+1.4,11,30,4,2,36
172,Yarek Gasiorowski, ESP,DF,Valencia,19-320,2005,4.2,150,189,79.4,2949,1006,45,52,86.5,89,102,87.3,16,30,53.3,0,0.1,0.3,-0.1,2,7,2,0,8
173,Gavi, ESP,MF,Barcelona,20-114,2004,1.1,74,88,84.1,1067,236,40,46,87.0,22,27,81.5,4,6,66.7,0,0.1,0.2,-0.1,1,11,1,0,9
174,Paulo Gazzaniga, ARG,GK,Girona,32-330,1992,14.0,405,498,81.3,9466,6054,94,94,100.0,229,235,97.4,81,165,49.1,0,0.0,0.0,0.0,0,2,0,0,0
175,Bryan Gil, ESP,"FW,MF",Girona,23-290,2001,8.5,279,331,84.3,3934,792,174,192,90.6,87,96,90.6,10,23,43.5,3,2.5,2.3,+0.5,13,15,14,3,32
,,,,,,,,,,,,,,,,,,,,,,,,,,,,,,
176,Dani Gómez, ESP,FW,Valencia,26-120,1998,4.7,43,59,72.9,530,59,31,36,86.1,10,15,66.7,,,,0,0.0,0.0,0.0,0,3,0,0,3
177,Moi Gómez, ESP,"MF,FW",Osasuna,30-157,1994,4.2,149,197,75.6,2346,733,82,95,86.3,50,61,82.0,11,24,45.8,0,0.2,0.3,-0.2,3,13,5,2,21
178,Sergi Gómez, ESP,DF,Espanyol,32-244,1992,6.2,248,280,88.6,4934,1564,71,77,92.2,151,158,95.6,26,44,59.1,0,0.0,0.0,0.0,0,2,0,0,5
179,Sergio Gómez, ESP,"MF,DF",Real Sociedad,24-084,2000,12.0,534,693,77.1,8624,2172,293,323,90.7,174,221,78.7,50,113,44.2,3,4.6,3.5,-1.6,25,44,11,5,48
180,Unai Gómez, ESP,MF,Athletic Club,21-186,2003,4.3,67,99,67.7,990,264,35,46,76.1,21,28,75.0,6,13,46.2,1,0.1,0.2,+0.9,2,7,0,0,10
181,Fabio González, ESP,MF,Las Palmas,27-289,1997,0.5,42,51,82.4,754,181,20,23,87.0,18,20,90.0,4,5,80.0,0,0.0,0.0,0.0,0,5,0,0,6
182,Urko González, ESP,MF,Real Sociedad,23-252,2001,0.5,10,17,58.8,171,61,7,11,63.6,1,3,33.3,2,2,100.0,0,0.0,0.0,0.0,0,0,0,0,1
183,Andoni Gorosabel, ESP,DF,Athletic Club,28-115,1996,3.1,144,174,82.8,2137,676,86,92,93.5,51,65,78.5,5,11,45.5,1,0.6,0.4,+0.4,2,15,2,2,9
184,José Gragera, ESP,MF,Espanyol,23-363,2000,6.3,190,217,87.6,3436,848,74,87,85.1,101,106,95.3,12,17,70.6,0,0.0,0.1,0.0,1,14,0,0,14
185,Dominik Greif, SVK,GK,Mallorca,27-235,1997,10.0,226,314,72.0,7353,5984,35,35,100.0,103,104,99.0,88,174,50.6,0,0.0,0.0,0.0,0,8,1,0,0
186,Antoine Griezmann, FRA,"FW,MF",Atlético Madrid,33-251,1991,11.6,433,612,70.8,6964,2010,240,292,82.2,125,181,69.1,51,87,58.6,4,3.6,2.8,+0.4,26,49,21,3,71
187,Vicente Guaita, ESP,GK,Celta Vigo,37-322,1987,10.0,225,279,80.6,5803,3689,41,42,97.6,116,117,99.1,64,116,55.2,0,0.0,0.0,0.0,0,1,0,0,0
188,Sergi Guardiola, ESP,FW,Rayo Vallecano,33-182,1991,0.9,15,25,60.0,169,58,12,17,70.6,1,4,25.0,1,1,100.0,0,0.1,0.0,-0.1,2,1,0,0,1
189,Nemanja Gudelj, SRB,"MF,DF",Sevilla,33-011,1991,11.0,448,539,83.1,6709,1802,246,265,92.8,168,197,85.3,19,52,36.5,0,0.3,0.4,-0.3,5,31,2,0,24
190,Javier Guerra, ESP,"MF,FW",Valencia,21-331,2003,6.7,167,233,71.7,2811,786,78,90,86.7,77,92,83.7,8,26,30.8,1,0.5,0.3,+0.5,3,20,4,1,25
191,Ander Guevara, ESP,MF,Alavés,27-143,1997,9.4,296,390,75.9,5303,1451,120,142,84.5,142,174,81.6,28,46,60.9,1,0.5,0.2,+0.5,7,43,2,0,47
192,Pape Gueye, SEN,MF,Villarreal,25-308,1999,7.1,250,321,77.9,4772,1662,108,125,86.4,110,133,82.7,30,47,63.8,0,0.2,0.7,-0.2,6,37,5,2,48
193,Hugo Guillamón, ESP,MF,Valencia,24-301,2000,3.7,128,160,80.0,2204,583,60,70,85.7,57,68,83.8,11,21,52.4,0,0.0,0.3,0.0,1,7,4,1,10
194,Carlos Guirao, ESP,MF,Betis,21-214,2003,0.6,14,21,66.7,236,56,7,9,77.8,5,5,100.0,2,3,66.7,0,0.0,0.0,0.0,0,2,0,0,0
195,Arda Güler, TUR,"MF,FW",Real Madrid,19-276,2005,3.8,174,204,85.3,2719,669,94,100,94.0,67,75,89.3,10,16,62.5,1,1.1,1.2,-0.1,11,20,9,1,25
196,Gerard Gumbau, ESP,MF,Rayo Vallecano,29-345,1994,4.8,124,186,66.7,2263,855,57,71,80.3,43,59,72.9,19,45,42.2,1,1.0,0.5,0.0,10,17,3,1,17
197,Jon Guridi, ESP,MF,Alavés,29-273,1995,8.4,222,277,80.1,3550,936,105,125,84.0,88,105,83.8,18,27,66.7,0,0.5,0.3,-0.5,9,27,5,2,35
198,Gorka Guruzeta, ESP,FW,Athletic Club,28-076,1996,7.9,124,164,75.6,1764,117,74,89,83.1,37,50,74.0,7,13,53.8,2,0.2,0.1,+1.8,6,5,0,0,5
199,Miguel Gutiérrez, ESP,"DF,FW",Girona,23-123,2001,12.9,612,722,84.8,10254,2584,316,338,93.5,229,260,88.1,54,79,68.4,2,2.8,2.7,-0.8,21,25,27,14,56
200,Munir El Haddadi, MAR,"FW,MF",Leganés,29-087,1995,4.0,65,98,66.3,792,180,43,53,81.1,18,28,64.3,1,7,14.3,0,0.2,0.1,-0.2,2,3,1,0,8
,,,,,,,,,,,,,,,,,,,,,,,,,,,,,,
201,Sébastien Haller, CIV,FW,Leganés,30-158,1994,4.5,54,90,60.0,648,93,35,50,70.0,13,24,54.2,2,4,50.0,0,0.2,0.2,-0.2,1,4,0,0,4
202,Javi Hernández , ESP,DF,Leganés,26-209,1998,8.9,259,358,72.3,4024,1408,144,172,83.7,98,122,80.3,12,45,26.7,1,0.9,0.6,+0.1,7,14,3,1,24
203,Aridane Hernández, ESP,DF,Rayo Vallecano,35-249,1989,1.3,53,58,91.4,1172,487,12,12,100.0,35,37,94.6,6,9,66.7,0,0.0,0.0,0.0,0,6,0,0,13
204,Jorge Herrando, ESP,DF,Osasuna,23-273,2001,4.1,132,176,75.0,2535,845,35,43,81.4,87,100,87.0,8,28,28.6,0,0.0,0.0,0.0,0,6,0,0,7
205,Ander Herrera, ESP,MF,Athletic Club,35-105,1989,3.0,181,200,90.5,2856,628,94,101,93.1,73,82,89.0,10,13,76.9,0,0.1,0.3,-0.1,2,25,1,0,16
206,Sergio Herrera, ESP,GK,Osasuna,31-175,1993,14.0,309,471,65.6,10410,8351,32,33,97.0,145,147,98.6,132,290,45.5,0,0.0,0.0,0.0,0,13,0,0,0
207,Yangel Herrera, VEN,MF,Girona,26-318,1998,8.9,382,459,83.2,6409,1567,183,197,92.9,168,189,88.9,24,46,52.2,1,0.4,0.3,+0.6,7,45,5,1,49
208,Juan Herzog, ESP,DF,Las Palmas,21-198,2003,4.2,224,248,90.3,3975,1324,81,88,92.0,126,131,96.2,11,21,52.4,0,0.0,0.0,0.0,0,7,0,0,11
209,Omar El Hilali, MAR,DF,Espanyol,21-076,2003,12.6,413,531,77.8,7911,2681,157,183,85.8,206,239,86.2,48,93,51.6,0,0.0,0.3,0.0,2,32,2,2,34
210,Dinko Horkaš, CRO,GK,Las Palmas,25-262,1999,2.3,83,97,85.6,1962,1465,21,21,100.0,44,44,100.0,18,31,58.1,0,0.0,0.0,0.0,0,1,0,0,0
211,Pablo Ibáñez, ESP,MF,Osasuna,26-068,1998,4.5,88,133,66.2,1417,440,47,62,75.8,36,49,73.5,4,8,50.0,1,1.0,0.2,0.0,1,17,1,1,17
212,Stanis Idumbo, BEL,FW,Sevilla,19-151,2005,1.3,12,15,80.0,187,44,5,5,100.0,7,9,77.8,,,,0,0.0,0.0,0.0,0,0,0,0,1
213,Iglesias, ESP,DF,Getafe,26-147,1998,10.9,248,456,54.4,4956,2602,108,145,74.5,105,181,58.0,34,104,32.7,0,1.0,1.1,-1.0,10,33,11,7,28
214,Borja Iglesias, ESP,FW,Celta Vigo,31-315,1993,7.8,134,175,76.6,1999,258,71,88,80.7,46,51,90.2,7,8,87.5,0,0.7,0.3,-0.7,4,6,2,0,9
215,Kelechi Iheanacho, NGA,FW,Sevilla,28-055,1996,3.9,57,76,75.0,804,125,35,43,81.4,14,23,60.9,4,5,80.0,0,0.3,0.2,-0.3,5,1,1,0,5
216,Karl Jakob Hein, EST,GK,Valladolid,22-228,2002,14.0,394,535,73.6,11929,8540,50,50,100.0,218,221,98.6,126,263,47.9,0,0.0,0.0,0.0,0,15,0,0,0
217,Adnan Januzaj, BEL,"FW,MF",Las Palmas,29-296,1995,2.8,103,142,72.5,1987,715,45,51,88.2,43,56,76.8,15,28,53.6,1,0.4,0.9,+0.6,7,13,4,2,17
218,Mikel Jauregizar, ESP,MF,Athletic Club,21-015,2003,7.1,275,337,81.6,5029,1342,114,130,87.7,126,148,85.1,31,46,67.4,0,0.3,0.3,-0.3,7,36,2,0,32
219,John Joe, IRL,"FW,MF",Getafe,21-034,2003,0.1,5,7,71.4,62,35,3,3,100.0,1,3,33.3,,,,0,0.0,0.0,0.0,0,0,0,0,0
220,Jofre, ESP,"MF,FW",Espanyol,23-163,2001,9.5,143,202,70.8,2166,647,79,96,82.3,51,71,71.8,8,16,50.0,3,1.4,1.0,+1.6,10,4,5,3,18
221,Frenkie de Jong, NED,MF,Barcelona,27-199,1997,1.7,120,130,92.3,1838,591,64,65,98.5,47,51,92.2,5,8,62.5,0,0.1,0.1,-0.1,2,14,0,0,14
222,Joan Jordán, ESP,MF,Alavés,30-144,1994,3.7,161,242,66.5,3345,1381,62,77,80.5,64,85,75.3,30,70,42.9,1,0.2,0.4,+0.8,5,33,2,0,34
223,Juanmi, ESP,"FW,MF",Betis,31-191,1993,2.0,40,49,81.6,475,83,33,36,91.7,4,5,80.0,2,2,100.0,0,0.3,0.1,-0.3,2,1,0,0,2
224,Juanpe, ESP,DF,Girona,33-211,1991,3.0,199,219,90.9,3966,1183,52,55,94.5,128,133,96.2,19,28,67.9,0,0.1,0.0,-0.1,2,13,1,0,14
225,Abdulai Juma Bah, SLE,DF,Valladolid,18-230,2006,5.0,119,163,73.0,2298,770,33,40,82.5,73,82,89.0,10,36,27.8,0,0.0,0.0,0.0,1,7,0,0,9
,,,,,,,,,,,,,,,,,,,,,,,,,,,,,,
226,Vinicius Júnior, BRA,FW,Real Madrid,24-138,2000,11.9,317,427,74.2,4763,1148,186,224,83.0,89,114,78.1,28,43,65.1,5,4.7,3.6,+0.3,29,24,21,3,43
227,Stanko Jurić, CRO,MF,Valladolid,28-103,1996,7.9,224,272,82.4,3640,1101,104,119,87.4,97,113,85.8,15,23,65.2,0,0.3,0.1,-0.3,3,14,1,0,24
228,Willy Kambwala, FRA,DF,Villarreal,20-094,2004,1.0,30,41,73.2,678,245,8,13,61.5,15,17,88.2,7,11,63.6,0,0.0,0.0,0.0,0,1,0,0,2
229,Abdoulaye Keita, ESP,MF,Getafe,22-087,2002,0.3,2,7,28.6,71,13,1,2,0.0,1,1,100.0,,3,33.3,0,0.0,0.0,0.0,0,1,0,0,1
230,Kenedy, BRA,"MF,FW",Valladolid,28-293,1996,0.1,1,2,50.0,10,,1,2,50.0,,,,,,,0,0.0,0.0,0.0,0,0,0,0,0
231,Kiké, ESP,FW,Alavés,35-002,1989,7.5,85,130,65.4,1433,324,35,51,68.6,34,48,70.8,9,14,64.3,0,0.4,0.5,-0.4,5,7,3,0,16
232,Koke, ESP,MF,Atlético Madrid,32-324,1992,11.5,696,808,86.1,10912,3212,360,398,90.5,263,288,91.3,45,73,61.6,0,1.0,1.0,-1.0,6,58,10,3,55
233,Jules Koundé, FRA,DF,Barcelona,26-015,1998,12.3,738,853,86.5,11928,3613,357,386,92.5,331,379,87.3,34,57,59.6,2,1.8,1.3,+0.2,13,56,12,4,69
234,Alex Král, CZE,MF,Espanyol,26-192,1998,12.4,253,336,75.3,4238,1183,122,144,84.7,103,125,82.4,22,42,52.4,0,0.5,0.6,-0.5,3,34,6,2,42
235,Ladislav Krejčí, CZE,DF,Girona,25-221,1999,6.1,502,567,88.5,9109,3061,189,202,93.6,278,292,95.2,29,63,46.0,0,0.0,0.1,0.0,0,45,3,0,37
236,Takefusa Kubo, JPN,"MF,FW",Real Sociedad,23-176,2001,10.3,261,364,71.7,3743,1207,156,185,84.3,62,82,75.6,21,40,52.5,0,2.0,1.4,-2.0,20,30,19,5,48
237,Marash Kumbulla, ALB,DF,Espanyol,24-293,2000,10.2,391,457,85.6,7635,3120,136,146,93.2,204,213,95.8,47,86,54.7,0,0.0,0.1,0.0,1,24,2,1,28
238,Cyle Larin, CAN,FW,Mallorca,29-224,1995,7.1,86,120,71.7,1001,134,58,75,77.3,18,28,64.3,2,2,100.0,2,1.1,0.2,+0.9,4,5,0,0,5
239,Juanmi Latasa, ESP,FW,Valladolid,23-249,2001,5.2,53,94,56.4,779,162,32,48,66.7,16,31,51.6,3,5,60.0,0,0.2,0.2,-0.2,3,5,0,0,8
240,Toni Lato, ESP,DF,Mallorca,27-006,1997,2.9,112,156,71.8,2014,754,52,63,82.5,51,66,77.3,9,22,40.9,0,0.3,0.5,-0.3,4,8,8,7,11
241,Robin Le Normand, ESP,DF,Atlético Madrid,28-016,1996,7.0,381,424,89.9,6880,2153,133,140,95.0,220,229,96.1,22,45,48.9,0,0.1,0.0,-0.1,1,19,1,0,28
242,Florian Lejeune, FRA,DF,Rayo Vallecano,33-191,1991,12.9,530,645,82.2,11754,5050,132,157,84.1,305,329,92.7,90,145,62.1,1,0.2,0.2,+0.8,4,57,0,0,51
243,Iñigo Lekue, ESP,DF,Athletic Club,31-207,1993,3.5,141,184,76.6,2217,754,68,79,86.1,62,77,80.5,7,20,35.0,0,0.1,0.0,-0.1,3,16,0,0,18
244,Thomas Lemar, FRA,MF,Atlético Madrid,29-015,1995,0.1,6,6,100.0,152,63,4,,,2,4,100.0,,2,100.0,0,0.0,0.0,0.0,1,0,1,0,2
245,Clément Lenglet, FRA,DF,Atlético Madrid,29-163,1995,4.4,216,250,86.4,4107,1700,73,78,93.6,123,131,93.9,19,36,52.8,0,0.1,0.1,-0.1,2,17,0,0,19
246,Robert Lewandowski, POL,FW,Barcelona,36-098,1988,12.9,191,261,73.2,2618,587,121,152,79.6,48,60,80.0,10,16,62.5,2,1.8,0.6,+0.2,11,18,5,0,27
247,Samuel Lino, BRA,"MF,DF",Atlético Madrid,24-340,1999,7.1,271,340,79.7,4181,1012,154,171,90.1,88,106,83.0,19,30,63.3,1,1.4,0.7,-0.4,7,19,14,2,33
248,Diego Llorente, ESP,DF,Betis,31-103,1993,12.6,659,766,86.0,12855,4150,189,211,89.6,406,432,94.0,57,112,50.9,0,0.2,0.2,-0.2,4,33,1,0,31
249,Marcos Llorente, ESP,"DF,MF",Atlético Madrid,29-302,1995,7.5,323,383,84.3,4846,1200,173,190,91.1,121,143,84.6,16,23,69.6,1,1.4,1.2,-0.4,8,25,11,7,33
250,Giovani Lo Celso, ARG,MF,Betis,28-232,1996,5.9,296,374,79.1,5216,1863,130,152,85.5,113,131,86.3,39,66,59.1,1,2.2,2.3,-1.2,17,43,17,0,58
,,,,,,,,,,,,,,,,,,,,,,,,,,,,,,
251,Enzo Loiodice, FRA,MF,Las Palmas,24-000,2000,2.6,146,180,81.1,2430,600,75,86,87.2,56,70,80.0,11,16,68.8,0,0.1,0.1,-0.1,2,11,0,0,11
252,David López, ESP,DF,Girona,35-049,1989,12.4,914,1001,91.3,17438,6161,280,296,94.6,550,570,96.5,77,121,63.6,0,0.0,0.2,0.0,2,64,2,0,49
253,Diego López, ESP,"MF,FW",Valencia,22-198,2002,9.4,183,265,69.1,2802,749,105,128,82.0,65,86,75.6,10,17,58.8,1,1.4,1.4,-0.4,8,13,5,1,21
254,Fermin López, ESP,"MF,FW",Barcelona,21-200,2003,2.8,95,111,85.6,1389,272,62,69,89.9,26,32,81.3,4,4,100.0,0,0.4,0.6,-0.4,2,10,4,2,12
255,Javi López, ESP,DF,Real Sociedad,22-247,2002,8.0,324,396,81.8,5269,1683,180,194,92.8,116,149,77.9,23,36,63.9,0,0.3,0.7,-0.3,2,15,3,1,25
256,Roberto López, ESP,MF,Leganés,24-217,2000,4.0,144,193,74.6,2363,718,74,88,84.1,42,49,85.7,18,36,50.0,1,0.7,0.4,+0.3,8,22,2,1,20
257,Unai López, ESP,MF,Rayo Vallecano,29-028,1995,7.4,381,446,85.4,6363,1668,183,198,92.4,168,183,91.8,26,52,50.0,0,0.3,0.5,-0.3,6,39,5,1,41
258,Iker Losada, ESP,"MF,FW",Betis,23-118,2001,3.3,90,120,75.0,1095,276,64,75,85.3,20,29,69.0,1,4,25.0,0,0.3,0.2,-0.3,6,3,5,1,11
259,Pol Lozano, ESP,MF,Espanyol,25-052,1999,6.3,192,240,80.0,3674,1095,74,87,85.1,91,110,82.7,23,31,74.2,0,0.2,0.2,-0.2,7,26,1,0,27
260,José Luis Gayà, ESP,DF,Valencia,29-186,1995,2.1,75,104,72.1,1378,506,33,40,82.5,34,41,82.9,8,19,42.1,1,0.3,0.4,+0.7,3,6,3,2,8
261,Dodi Lukebakio, BEL,FW,Sevilla,27-064,1997,12.1,259,350,74.0,3739,820,163,191,85.3,66,92,71.7,20,44,45.5,0,1.0,1.3,-1.0,15,7,10,3,23
262,Daniel Luna, COL,MF,Mallorca,21-204,2003,0.2,8,13,61.5,88,16,5,6,83.3,2,5,40.0,,1,0.0,0,0.0,0.0,0.0,0,1,0,0,0
263,Andriy Lunin, UKR,GK,Real Madrid,25-290,1999,3.0,87,106,82.1,2157,1330,19,20,95.0,42,42,100.0,25,43,58.1,1,0.9,0.0,+0.1,1,1,0,0,0
264,Darwin Machís, VEN,"FW,MF",Valladolid,31-294,1993,3.0,54,94,57.4,1004,334,24,29,82.8,21,36,58.3,7,20,35.0,0,0.1,0.3,-0.1,2,6,0,0,11
265,Pablo Maffeo, ESP,DF,Mallorca,27-138,1997,9.2,280,394,71.1,4954,2101,131,151,86.8,111,147,75.5,34,78,43.6,0,1.1,0.9,-1.1,13,21,15,12,22
266,Jon Magunacelaya, ESP,MF,Real Sociedad,24-137,2000,0.1,7,13,53.8,117,30,3,7,42.9,4,4,100.0,,,,0,0.0,0.1,0.0,0,0,0,0,1
267,Giorgi Mamardashvili, GEO,GK,Valencia,24-059,2000,12.0,244,372,65.6,7428,5433,38,38,100.0,122,123,99.2,84,211,39.8,0,0.0,0.0,0.0,1,6,1,0,0
268,Reinildo Mandava, MOZ,DF,Atlético Madrid,30-311,1994,6.7,336,404,83.2,5258,1930,167,182,91.8,149,177,84.2,13,31,41.9,0,0.1,0.1,-0.1,2,16,2,0,22
269,Javier Manquillo, ESP,DF,Celta Vigo,30-206,1994,5.4,294,330,89.1,4903,1393,137,149,91.9,144,153,94.1,11,21,52.4,0,0.0,0.1,0.0,0,17,2,0,21
270,Marcão, BRA,DF,Sevilla,28-175,1996,5.1,223,254,87.8,3831,1541,104,107,97.2,103,113,91.2,15,27,55.6,0,0.0,0.0,0.0,0,11,0,0,17
271,Óscar de Marcos, ESP,DF,Athletic Club,35-227,1989,8.6,401,511,78.5,7037,2795,179,202,88.6,186,221,84.2,36,73,49.3,3,1.3,1.0,+1.7,8,50,9,5,50
272,Alberto Marí, ESP,FW,Valencia,23-139,2001,0.1,2,4,50.0,33,7,1,1,100.0,1,1,100.0,,1,0.0,0,0.0,0.0,0.0,0,0,0,0,1
273,José María Giménez, URU,DF,Atlético Madrid,29-312,1995,10.3,542,595,91.1,11620,4356,136,147,92.5,322,333,96.7,78,104,75.0,0,0.0,0.1,0.0,0,31,0,0,26
274,Pablo Marín, ESP,MF,Real Sociedad,21-147,2003,0.5,15,24,62.5,208,44,9,12,75.0,5,10,50.0,1,2,50.0,0,0.0,0.0,0.0,0,0,1,0,1
275,Mika Màrmol, ESP,DF,Las Palmas,22-148,2002,5.7,313,376,83.2,5364,1987,142,152,93.4,144,166,86.7,22,45,48.9,0,0.2,0.6,-0.2,4,27,5,3,25
,,,,,,,,,,,,,,,,,,,,,,,,,,,,,,
276,Mario Maroto, ESP,MF,Valladolid,20-365,2003,0.2,11,15,73.3,200,65,6,6,100.0,3,4,75.0,2,2,100.0,1,0.1,0.0,+0.9,1,2,0,0,1
277,Carlos Martín, ESP,"FW,MF",Alavés,22-219,2002,4.2,48,83,57.8,657,178,24,39,61.5,21,27,77.8,,4,0.0,0,0.3,0.2,-0.3,2,2,1,1,3
278,Gerard Martín, ESP,DF,Barcelona,22-331,2002,3.6,189,231,81.8,3077,945,98,111,88.3,80,93,86.0,10,18,55.6,1,0.3,0.4,+0.7,3,8,4,0,12
279,Iván Martín, ESP,MF,Girona,25-287,1999,8.6,507,552,91.8,7766,1549,270,282,95.7,200,218,91.7,25,29,86.2,0,0.8,0.9,-0.8,9,39,2,0,50
280,Jon Martin, ESP,DF,Real Sociedad,18-331,2006,1.0,20,30,66.7,466,146,1,3,33.3,17,19,89.5,2,5,40.0,0,0.0,0.0,0.0,0,1,0,0,2
281,Mario Martín, ESP,MF,Valladolid,20-267,2004,7.1,222,264,84.1,4213,1069,92,108,85.2,92,101,91.1,30,40,75.0,1,0.3,0.5,+0.7,3,24,0,0,25
282,Arnau Martinez, ESP,DF,Girona,21-216,2003,9.1,586,676,86.7,9442,2717,297,314,94.6,251,287,87.5,30,55,54.5,1,0.9,0.8,+0.1,7,65,7,2,64
283,Iñigo Martínez, ESP,DF,Barcelona,33-194,1991,12.8,1069,1174,91.1,20603,6906,389,414,94.0,566,595,95.1,110,147,74.8,1,1.5,0.7,-0.5,9,85,2,0,94
284,Javi Martínez, ESP,MF,Osasuna,24-341,1999,0.1,9,9,100.0,126,55,6,6,100.0,3,3,100.0,,,,0,0.0,0.0,0.0,0,1,0,0,1
285,Toni Martínez, ESP,FW,Alavés,27-150,1997,5.2,55,104,52.9,682,102,33,47,70.2,16,35,45.7,2,6,33.3,0,0.4,0.8,-0.4,5,3,2,1,3
286,Javi Martón, ESP,"FW,MF",Athletic Club,25-205,1999,0.6,6,7,85.7,68,2,4,5,80.0,2,2,100.0,,,,0,0.0,0.0,0.0,0,1,0,0,0
287,Marvin, ESP,"DF,FW",Las Palmas,24-147,2000,4.5,143,192,74.5,2473,639,68,77,88.3,61,85,71.8,12,22,54.5,0,0.6,0.4,-0.6,2,11,5,4,11
288,Omar Mascarell, EQG,MF,Mallorca,31-299,1993,7.0,245,282,86.9,4293,1197,116,124,93.5,91,98,92.9,30,45,66.7,0,0.0,0.1,0.0,1,21,1,0,22
289,Jaime Mata, ESP,FW,Las Palmas,36-034,1988,2.7,44,62,71.0,711,88,22,29,75.9,17,20,85.0,3,7,42.9,0,0.0,0.1,0.0,1,3,2,1,2
290,Borja Mayoral, ESP,FW,Getafe,27-236,1997,1.4,20,37,54.1,252,47,10,12,83.3,3,8,37.5,2,4,50.0,0,0.3,0.0,-0.3,1,0,0,0,0
291,Kylian Mbappé, FRA,FW,Real Madrid,25-343,1998,11.3,303,363,83.5,4521,825,168,193,87.0,96,103,93.2,19,22,86.4,1,0.9,0.9,+0.1,13,34,16,0,53
292,Oliver McBurnie, SCO,FW,Las Palmas,28-176,1996,7.9,141,197,71.6,1673,356,102,131,77.9,27,43,62.8,3,4,75.0,3,1.6,0.5,+1.4,13,10,6,1,14
293,Scott McKenna, SCO,DF,Las Palmas,28-015,1996,9.1,417,490,85.1,7367,2520,160,172,93.0,227,256,88.7,22,45,48.9,0,0.2,0.0,-0.2,1,16,0,0,10
294,Mateo Mejía, ESP,FW,Sevilla,21-241,2003,0.1,,1,0.0,,,,1,0.0,,,,,,,0,0.0,0.0,0.0,0,0,0,0,0
295,Brais Méndez, ESP,MF,Real Sociedad,27-325,1997,7.7,299,368,81.3,4606,1265,166,182,91.2,105,127,82.7,19,40,47.5,1,1.6,1.3,-0.6,13,39,5,1,44
296,Ferland Mendy, FRA,DF,Real Madrid,29-172,1995,7.4,417,448,93.1,6299,1785,248,259,95.8,138,145,95.2,26,31,83.9,0,0.0,0.1,0.0,1,29,1,0,25
297,Víctor Meseguer, ESP,"MF,FW",Valladolid,25-171,1999,3.7,111,142,78.2,1692,553,58,70,82.9,41,51,80.4,5,8,62.5,0,0.0,0.2,0.0,0,11,0,0,17
298,Miguel, ESP,FW,Leganés,25-085,1999,9.6,62,119,52.1,911,142,34,56,60.7,20,34,58.8,3,7,42.9,1,0.6,0.2,+0.4,3,4,2,1,6
299,Éder Militão, BRA,DF,Real Madrid,26-314,1998,10.4,636,712,89.3,13095,4633,189,201,94.0,372,394,94.4,72,110,65.5,1,0.5,0.2,+0.5,6,56,3,0,46
300,Luis Milla, ESP,MF,Getafe,30-051,1994,13.8,482,660,73.0,8772,2670,215,240,89.6,185,234,79.1,72,157,45.9,1,1.5,1.9,-0.5,33,55,8,3,81
,,,,,,,,,,,,,,,,,,,,,,,,,,,,,,
301,Pere Milla, ESP,"MF,FW",Espanyol,32-065,1992,2.3,48,84,57.1,808,194,21,31,67.7,20,32,62.5,5,11,45.5,0,0.1,0.1,-0.1,2,3,1,0,3
302,Óscar Mingueza, ESP,"MF,DF",Celta Vigo,25-198,1999,11.2,600,782,76.7,10247,4258,279,310,90.0,246,319,77.1,54,108,50.0,5,4.1,3.4,+0.9,17,62,25,7,70
303,Kim Minsu, KOR,"MF,FW",Girona,18-313,2006,0.2,9,10,90.0,105,8,5,6,83.3,3,3,100.0,,,,0,0.0,0.0,0.0,0,0,0,0,0
304,Bojan Miovski, MKD,FW,Girona,25-156,1999,5.8,49,62,79.0,679,58,32,36,88.9,13,16,81.3,3,3,100.0,1,0.1,0.2,+0.9,2,1,1,1,2
305,Rafa Mir, ESP,"MF,FW",Valencia,27-162,1997,2.7,27,42,64.3,431,86,14,18,77.8,8,13,61.5,3,5,60.0,1,0.4,0.1,+0.6,1,0,1,1,3
306,Luka Modrić, CRO,MF,Real Madrid,39-079,1985,6.7,507,578,87.7,8919,2774,230,248,92.7,201,216,93.1,58,85,68.2,2,2.8,2.8,-0.8,24,62,10,1,53
307,Johan Mojica, COL,DF,Mallorca,32-098,1992,11.1,408,543,75.1,7636,3071,200,226,88.5,150,195,76.9,55,98,56.1,1,1.6,1.5,-0.6,15,40,19,12,49
308,Alberto Moleiro, ESP,"FW,MF",Las Palmas,21-058,2003,11.6,357,423,84.4,5081,1180,214,241,88.8,118,131,90.1,15,24,62.5,0,1.6,1.7,-1.6,17,35,13,2,53
309,Nahuel Molina, ARG,DF,Atlético Madrid,26-235,1998,7.8,402,526,76.4,6000,2189,228,254,89.8,134,181,74.0,22,53,41.5,1,0.6,0.8,+0.4,6,23,6,1,27
310,Jon Moncayola, ESP,"MF,FW",Osasuna,26-198,1998,9.3,238,339,70.2,4444,1534,94,110,85.5,103,141,73.0,31,70,44.3,0,1.7,1.9,-1.7,17,23,7,2,35
311,Gonzalo Montiel, ARG,"MF,DF",Sevilla,27-331,1997,0.1,7,9,77.8,153,40,3,3,100.0,3,3,100.0,1,3,33.3,0,0.0,0.0,0.0,0,0,0,0,0
312,Gerard Moreno, ESP,FW,Villarreal,32-234,1992,1.8,59,74,79.7,1099,313,25,30,83.3,24,27,88.9,9,12,75.0,1,1.3,0.4,-0.3,6,6,7,1,15
313,Mateu Morey, ESP,DF,Mallorca,24-270,2000,0.9,29,40,72.5,412,80,17,21,81.0,10,14,71.4,2,2,100.0,0,0.0,0.0,0.0,0,1,0,0,1
314,Ilaix Moriba, GUI,MF,Celta Vigo,21-313,2003,5.8,240,277,86.6,3820,976,125,145,86.2,78,85,91.8,22,27,81.5,0,0.6,0.5,-0.6,6,29,7,2,27
315,Manu Morlanes, ESP,MF,Mallorca,25-320,1999,8.7,364,411,88.6,5991,1835,178,189,94.2,158,178,88.8,20,30,66.7,0,0.2,0.6,-0.2,6,53,9,3,52
316,Raúl Moro, ESP,"FW,MF",Valladolid,21-358,2002,11.4,221,333,66.4,4220,1388,106,132,80.3,69,98,70.4,41,76,53.9,1,3.2,3.0,-2.2,24,19,20,10,40
317,Cristhian Mosquera, ESP,DF,Valencia,20-153,2004,12.0,552,614,89.9,10431,3624,205,222,92.3,295,319,92.5,51,63,81.0,0,0.0,0.1,0.0,0,28,0,0,40
318,Santiago Mouriño, URU,DF,Alavés,22-288,2002,4.0,92,119,77.3,1651,798,42,50,84.0,42,48,87.5,8,15,53.3,0,0.2,0.1,-0.2,3,9,2,1,12
319,Abdul Mumin, GHA,DF,Rayo Vallecano,26-174,1998,11.0,409,515,79.4,7889,3536,140,154,90.9,227,250,90.8,39,101,38.6,1,0.2,0.1,+0.8,1,22,1,0,20
320,Aihen Muñoz, ESP,DF,Real Sociedad,27-103,1997,2.5,96,132,72.7,1519,574,44,53,83.0,41,57,71.9,7,15,46.7,0,0.1,0.0,-0.1,1,10,1,1,12
321,Álex Muñoz, ESP,DF,Las Palmas,30-120,1994,10.2,464,565,82.1,7485,2600,221,245,90.2,217,259,83.8,21,40,52.5,0,0.4,0.6,-0.4,6,28,8,7,33
322,Iker Muñoz, ESP,MF,Osasuna,22-022,2002,0.9,35,48,72.9,577,176,20,22,90.9,12,16,75.0,2,4,50.0,0,0.0,0.0,0.0,0,5,0,0,2
323,Javier Muñoz, ESP,MF,Las Palmas,29-273,1995,9.2,357,448,79.7,5936,1486,182,210,86.7,129,153,84.3,34,58,58.6,1,0.8,0.7,+0.2,10,41,10,4,40
324,Vedat Muriqi, KVX,FW,Mallorca,30-217,1994,9.5,127,212,59.9,1857,460,74,99,74.7,38,73,52.1,7,13,53.8,1,0.6,0.6,+0.4,12,10,3,0,18
325,Juan Musso, ARG,GK,Atlético Madrid,30-205,1994,1.0,23,29,79.3,443,264,5,5,100.0,16,16,100.0,2,7,28.6,0,0.0,0.0,0.0,0,0,0,0,0
,,,,,,,,,,,,,,,,,,,,,,,,,,,,,,
326,Matija Nastasić, SRB,DF,Leganés,31-244,1993,8.5,264,324,81.5,5467,1850,76,85,89.4,162,184,88.0,26,54,48.1,0,0.0,0.1,0.0,0,14,0,0,22
327,Natan, BRA,DF,Betis,23-295,2001,9.1,469,529,88.7,9379,2917,143,150,95.3,276,296,93.2,47,77,61.0,0,0.5,0.7,-0.5,2,25,2,1,29
328,Pau Navarro, ESP,DF,Villarreal,19-216,2005,2.4,104,123,84.6,1894,754,42,47,89.4,54,63,85.7,7,9,77.8,0,0.0,0.0,0.0,0,3,0,0,9
329,Roberto Navarro, ESP,"MF,FW",Mallorca,22-229,2002,7.8,179,240,74.6,2492,656,111,132,84.1,55,76,72.4,7,14,50.0,0,0.5,0.4,-0.5,4,8,4,1,25
330,Jesús Navas, ESP,"FW,MF",Sevilla,39-006,1985,3.6,156,201,77.6,2555,662,85,93,91.4,51,65,78.5,16,26,61.5,0,0.4,0.5,-0.4,8,10,5,4,12
331,Yvan Neyou, CMR,MF,Leganés,27-329,1997,8.4,311,367,84.7,5020,1412,152,169,89.9,122,141,86.5,24,33,72.7,1,0.2,0.4,+0.8,3,30,2,0,35
332,Tanguy Nianzou, FRA,DF,Sevilla,22-173,2002,5.8,285,314,90.8,4654,1465,131,139,94.2,143,155,92.3,7,15,46.7,0,0.0,0.0,0.0,0,6,0,0,10
333,Saúl Ñíguez, ESP,MF,Sevilla,30-006,1994,3.6,126,157,80.3,2051,510,55,59,93.2,57,65,87.7,7,18,38.9,1,0.4,0.3,+0.6,5,14,3,0,22
334,Hugo Novoa, ESP,"DF,FW",Alavés,21-331,2003,2.5,49,63,77.8,764,245,31,39,79.5,12,14,85.7,4,4,100.0,0,0.2,0.2,-0.2,1,0,2,2,2
335,Randy Nteka, ANG,FW,Rayo Vallecano,26-357,1997,4.0,51,80,63.8,618,64,33,44,75.0,12,22,54.5,2,3,66.7,0,0.3,0.1,-0.3,4,2,1,0,4
336,Unai Núñez, ESP,DF,Athletic Club,27-302,1997,3.0,126,145,86.9,2658,1066,28,33,84.8,87,94,92.6,11,17,64.7,0,0.0,0.0,0.0,0,5,0,0,10
337,Ørjan Nyland, NOR,GK,Sevilla,34-078,1990,10.7,238,388,61.3,5896,4394,79,79,100.0,100,106,94.3,58,201,28.9,0,0.2,0.0,-0.2,2,10,1,0,1
338,Allan Nyom, CMR,"DF,FW",Getafe,36-201,1988,3.2,130,162,80.2,2162,795,65,71,91.5,54,61,88.5,10,29,34.5,1,0.3,0.2,+0.7,4,10,5,4,10
339,Jan Oblak, SVN,GK,Atlético Madrid,31-325,1993,13.0,270,341,79.2,7153,4770,54,54,100.0,135,138,97.8,80,147,54.4,0,0.0,0.0,0.0,0,2,0,0,0
340,Lucas Ocampos, ARG,FW,Sevilla,30-139,1994,1.9,65,91,71.4,1020,296,36,45,80.0,19,23,82.6,6,11,54.5,1,0.3,0.1,+0.7,3,8,2,1,7
341,Álvaro Odriozola, ESP,DF,Real Sociedad,28-349,1995,0.5,22,30,73.3,344,111,11,12,91.7,6,12,50.0,3,4,75.0,0,0.0,0.0,0.0,0,4,1,1,3
342,Olasagasti, ESP,MF,Real Sociedad,24-103,2000,0.8,29,34,85.3,439,41,16,18,88.9,13,15,86.7,,,,0,0.0,0.1,0.0,0,2,0,0,3
343,Brian Oliván, ESP,"DF,MF",Espanyol,30-240,1994,4.2,118,177,66.7,2047,849,51,56,91.1,53,74,71.6,12,36,33.3,1,0.4,0.3,+0.6,6,16,3,2,19
344,Lucas Oliveira Rosa, BRA,DF,Valladolid,24-238,2000,13.0,371,507,73.2,6152,1966,191,213,89.7,148,195,75.9,28,65,43.1,0,0.9,0.7,-0.9,8,22,4,3,30
345,Dani Olmo, ESP,"MF,FW",Barcelona,26-204,1998,4.5,153,193,79.3,2620,831,87,94,92.6,47,57,82.5,16,21,76.2,0,1.1,1.5,-1.1,5,15,9,1,29
346,Aimar Oroz, ESP,MF,Osasuna,23-000,2001,12.4,320,391,81.8,5155,1299,166,190,87.4,113,131,86.3,26,38,68.4,0,1.4,1.7,-1.4,15,29,14,0,59
347,Gabriel Osei Misehouy, NED,"FW,MF",Girona,19-132,2005,2.1,59,69,85.5,867,198,33,35,94.3,26,26,100.0,,8,0.0,0,0.3,0.3,-0.3,4,9,4,0,13
348,David Otorbi, ESP,MF,Valencia,17-042,2007,0.2,2,4,50.0,27,4,2,3,66.7,,,,,1,0.0,0,0.0,0.0,0.0,0,0,0,0,0
349,Mikel Oyarzabal, ESP,"FW,MF",Real Sociedad,27-220,1997,8.8,126,171,73.7,1782,329,72,85,84.7,43,54,79.6,3,9,33.3,1,0.7,0.8,+0.3,4,7,4,1,9
350,Cenk Özkacar, TUR,DF,Valladolid,24-052,2000,2.2,81,98,82.7,1444,575,32,36,88.9,44,49,89.8,4,11,36.4,0,0.0,0.0,0.0,0,2,0,0,3
,,,,,,,,,,,,,,,,,,,,,,,,,,,,,,
351,Jon Pacheco, ESP,DF,Real Sociedad,23-324,2001,3.8,200,230,87.0,4024,1182,68,76,89.5,109,114,95.6,23,35,65.7,0,0.0,0.2,0.0,0,11,1,0,10
352,Alex Padilla, ESP,GK,Athletic Club,21-087,2003,3.6,67,121,55.4,2317,1964,9,9,100.0,25,25,100.0,33,86,38.4,0,0.0,0.0,0.0,0,4,0,0,0
353,Isaac Palazón Camacho, ESP,"FW,MF",Rayo Vallecano,29-336,1994,7.9,178,237,75.1,2998,808,88,100,88.0,66,81,81.5,19,39,48.7,1,1.1,1.2,-0.1,12,14,8,3,25
354,Aitor Paredes, ESP,DF,Athletic Club,24-212,2000,7.4,311,361,86.1,6692,2459,72,81,88.9,200,213,93.9,39,65,60.0,0,0.0,0.0,0.0,1,15,0,0,20
355,Daniel Parejo, ESP,MF,Villarreal,35-225,1989,10.4,573,645,88.8,10726,3009,228,251,90.8,268,288,93.1,66,87,75.9,0,0.3,0.6,-0.3,7,64,7,3,69
356,Pedri, ESP,MF,Barcelona,22-002,2002,11.1,648,751,86.3,11046,2539,321,342,93.9,252,283,89.0,63,95,66.3,1,2.0,2.9,-1.0,23,74,16,1,81
357,Adrià Pedrosa, ESP,DF,Sevilla,26-198,1998,10.5,385,513,75.0,6362,2134,188,204,92.2,167,209,79.9,23,66,34.8,1,0.6,0.6,+0.4,7,23,6,3,29
358,Pejiño, ESP,FW,Las Palmas,28-121,1996,0.2,6,7,85.7,87,22,3,3,100.0,3,4,75.0,,,,0,0.0,0.0,0.0,0,0,1,0,1
359,Iñaki Peña , ESP,GK,Barcelona,25-270,1999,8.5,346,393,88.0,7931,4333,53,54,98.1,238,240,99.2,55,99,55.6,0,0.0,0.0,0.0,0,0,0,0,0
360,Rubén Peña, ESP,"FW,MF",Osasuna,33-132,1991,4.6,53,101,52.5,824,363,28,39,71.8,19,38,50.0,4,12,33.3,0,0.3,0.4,-0.3,6,6,3,1,11
361,Nicolas Pépé, CIV,"FW,MF",Villarreal,29-182,1995,6.3,196,244,80.3,2526,411,125,137,91.2,54,68,79.4,6,12,50.0,2,0.7,0.7,+1.3,6,11,6,1,22
362,Peque, ESP,"MF,FW",Sevilla,22-054,2002,6.4,134,168,79.8,2005,436,78,91,85.7,39,48,81.3,10,12,83.3,0,1.0,0.7,-1.0,7,9,3,1,20
363,Ayoze Pérez, ESP,FW,Villarreal,31-121,1993,5.7,95,117,81.2,1455,410,41,47,87.2,43,52,82.7,5,9,55.6,0,0.9,0.6,-0.9,9,11,4,3,23
364,Carles Pérez, ESP,"MF,FW",Getafe,26-285,1998,10.8,154,230,67.0,2379,587,88,112,78.6,49,71,69.0,11,26,42.3,0,1.1,0.9,-1.1,11,13,11,6,13
365,Francisco Perez, ESP,MF,Valencia,22-079,2002,0.4,9,14,64.3,114,58,8,9,88.9,1,,,,4,25.0,0,0.0,0.0,0.0,0,0,2,0,2
366,Kike Pérez, ESP,MF,Valladolid,27-287,1997,8.3,260,338,76.9,4740,1388,106,129,82.2,112,126,88.9,29,56,51.8,0,0.5,0.7,-0.5,10,27,4,0,37
367,Luis Pérez, ESP,DF,Valladolid,29-297,1995,13.6,415,555,74.8,7444,3017,179,201,89.1,176,240,73.3,53,88,60.2,0,1.1,1.3,-1.1,14,31,19,17,48
368,Romain Perraud, FRA,DF,Betis,27-066,1997,10.3,452,576,78.5,6296,2032,280,306,91.5,143,176,81.3,12,42,28.6,0,0.5,0.6,-0.5,5,32,4,3,31
369,Pica, ESP,DF,Alavés,22-331,2002,4.5,138,174,79.3,2761,1129,41,49,83.7,78,87,89.7,19,35,54.3,0,0.0,0.0,0.0,1,12,1,0,14
370,Yeremi Pino, ESP,MF,Villarreal,22-038,2002,5.3,131,182,72.0,1999,473,69,86,80.2,53,71,74.6,6,10,60.0,2,2.3,1.2,-0.3,12,9,5,2,16
371,Portu, ESP,"FW,MF",Girona,32-190,1992,1.8,41,53,77.4,533,55,28,32,87.5,13,13,100.0,1,5,0.0,1,0.4,0.4,+0.6,2,2,2,0,4
372,Beñat Prados, ESP,MF,Athletic Club,23-293,2001,7.2,266,325,81.8,4575,1075,113,134,84.3,128,147,87.1,18,30,60.0,0,0.2,0.4,-0.2,4,24,2,1,30
373,Abdón Prats, ESP,"FW,MF",Mallorca,31-356,1992,2.0,22,32,68.8,396,99,11,13,84.6,8,11,72.7,3,4,75.0,0,0.0,0.0,0.0,0,3,1,0,4
374,Javi Puado, ESP,"FW,MF",Espanyol,26-186,1998,10.2,160,201,79.6,2373,325,91,103,88.3,60,70,85.7,6,14,42.9,0,0.7,0.4,-0.7,6,9,2,0,23
375,Dani Raba, ESP,"MF,FW",Leganés,29-029,1995,3.4,71,112,63.4,1232,373,32,41,78.0,30,40,75.0,7,21,33.3,2,0.9,0.4,+1.1,8,8,5,1,9
,,,,,,,,,,,,,,,,,,,,,,,,,,,,,,
376,Antonio Raillo, ESP,DF,Mallorca,33-050,1991,13.8,567,660,85.9,10960,3930,188,209,90.0,310,338,91.7,61,94,64.9,0,0.8,0.5,-0.8,6,33,4,0,42
377,Benito Ramírez, ESP,"DF,MF",Las Palmas,29-139,1995,3.0,169,211,80.1,2693,726,89,94,94.7,66,74,89.2,11,25,44.0,0,0.6,0.4,-0.6,7,6,6,5,11
378,Sandro Ramírez, ESP,"FW,MF",Las Palmas,29-141,1995,7.2,131,194,67.5,2248,697,65,82,79.3,48,64,75.0,14,31,45.2,2,1.2,0.9,+0.8,9,13,2,2,15
379,Raphinha, BRA,"FW,MF",Barcelona,27-349,1996,13.0,406,583,69.6,6872,2029,213,259,82.2,135,179,75.4,48,101,47.5,6,6.6,4.0,-0.6,44,38,21,4,56
380,Andrei Ratiu, ROU,DF,Rayo Vallecano,26-160,1998,10.9,417,519,80.3,6357,2330,228,257,88.7,160,190,84.2,19,39,48.7,1,1.8,0.5,-0.8,10,33,7,3,46
381,Raúl, ESP,FW,Osasuna,24-024,2000,3.4,36,61,59.0,464,55,22,30,73.3,12,18,66.7,,2,0.0,0,0.6,0.2,-0.6,2,2,0,0,3
382,Abderrahman Rebbach, ALG,"FW,MF",Alavés,26-108,1998,4.0,68,111,61.3,1151,230,37,53,69.8,22,33,66.7,8,17,47.1,0,0.3,0.4,-0.3,6,2,5,3,4
383,Álex Remiro, ESP,GK,Real Sociedad,29-248,1995,14.0,363,472,76.9,9951,6821,52,52,100.0,202,207,97.6,109,210,51.9,0,0.0,0.0,0.0,1,6,0,0,0
384,Diego Rico, ESP,DF,Getafe,31-278,1993,13.0,445,665,66.9,8053,4505,207,244,84.8,181,261,69.3,48,119,40.3,1,1.2,2.1,-0.2,20,44,25,17,53
385,Luis Rioja, ESP,FW,Alavés,31-042,1993,0.3,5,11,45.5,70,27,3,4,75.0,2,5,40.0,,1,0.0,0,0.1,0.1,-0.1,1,0,0,0,1
386,Luis Rioja, ESP,MF,Valencia,31-042,1993,9.7,192,303,63.4,3103,754,107,130,82.3,61,94,64.9,17,47,36.2,0,0.5,1.0,-0.5,9,13,11,7,24
387,Rodrigo Riquelme, ESP,"DF,MF",Atlético Madrid,24-239,2000,4.5,163,203,80.3,2205,588,98,112,87.5,50,57,87.7,5,18,27.8,0,0.5,0.6,-0.5,9,12,7,1,19
388,Alberto Risco, ESP,"MF,FW",Getafe,19-089,2005,0.8,25,34,73.5,340,98,15,18,83.3,6,8,75.0,2,4,50.0,0,0.1,0.2,-0.1,4,1,4,3,3
389,Mihailo Ristić, SRB,"MF,DF",Celta Vigo,29-027,1995,1.2,39,52,75.0,612,195,24,27,88.9,13,17,76.5,2,6,33.3,0,0.0,0.0,0.0,0,2,0,0,1
390,Gorka Rivera Alonso, ESP,"DF,MF",Getafe,20-118,2004,0.2,5,11,45.5,94,27,1,2,50.0,4,7,57.1,,2,0.0,0,0.0,0.0,0.0,0,1,0,0,1
391,Marc Roca, ESP,MF,Betis,28-001,1996,8.1,382,434,88.0,6538,1872,176,188,93.6,174,187,93.0,24,41,58.5,1,0.4,0.5,+0.6,11,41,5,2,49
392,Rodri, ESP,FW,Betis,24-195,2000,1.3,56,66,84.8,941,282,35,36,97.2,14,17,82.4,7,11,63.6,0,0.1,0.3,-0.1,2,4,5,0,8
393,Álvaro Rodríguez, URU,FW,Getafe,20-136,2004,2.5,30,54,55.6,424,72,14,26,53.8,12,15,80.0,1,1,100.0,0,0.2,0.2,-0.2,2,3,1,0,2
394,Óscar Rodríguez Arnaiz, ESP,"MF,FW",Leganés,26-152,1998,3.8,104,148,70.3,1660,394,59,67,88.1,35,50,70.0,8,23,34.8,2,0.4,0.2,+1.6,4,5,5,1,15
395,Damián Rodríguez, ESP,MF,Celta Vigo,21-255,2003,6.2,386,441,87.5,6649,1846,160,172,93.0,188,201,93.5,29,50,58.0,0,0.5,0.9,-0.5,10,44,3,0,35
396,Dani Rodríguez, ESP,"FW,MF",Mallorca,36-174,1988,8.4,178,261,68.2,3210,1069,85,104,81.7,61,84,72.6,27,55,49.1,3,1.5,1.5,+1.5,9,15,6,3,29
397,James Rodríguez, COL,"MF,FW",Rayo Vallecano,33-138,1991,1.6,78,98,79.6,1368,440,40,44,90.9,21,25,84.0,13,24,54.2,0,0.2,0.3,-0.2,2,12,1,0,13
398,Javi Rodríguez, ESP,DF,Celta Vigo,21-154,2003,8.7,483,569,84.9,8487,2536,202,216,93.5,229,253,90.5,44,76,57.9,1,0.7,0.5,+0.3,5,32,4,0,37
399,Kirian Rodríguez, ESP,MF,Las Palmas,28-267,1996,12.1,676,794,85.1,10590,3087,364,399,91.2,244,279,87.5,49,77,63.6,2,1.0,1.1,+1.0,11,62,12,1,89
400,Ricardo Rodríguez, SUI,DF,Betis,32-094,1992,3.7,159,199,79.9,2343,824,94,101,93.1,54,75,72.0,7,16,43.8,0,0.1,0.2,-0.1,2,11,3,2,13
,,,,,,,,,,,,,,,,,,,,,,,,,,,,,,
401,Rodrygo, BRA,FW,Real Madrid,23-323,2001,7.4,305,354,86.2,4067,936,199,212,93.9,81,95,85.3,11,23,47.8,1,0.7,1.1,+0.3,18,19,10,0,33
402,Leo Román, ESP,GK,Mallorca,24-144,2000,4.0,84,137,61.3,2822,2237,5,5,100.0,44,46,95.7,35,86,40.7,0,0.0,0.0,0.0,0,4,0,0,0
403,Carlos Romero, ESP,DF,Espanyol,23-029,2001,10.1,263,375,70.1,4409,1681,137,172,79.7,103,135,76.3,21,48,43.8,1,0.8,0.9,+0.2,13,21,13,6,29
404,Isaac Romero, ESP,FW,Sevilla,24-193,2000,9.9,129,185,69.7,1756,213,81,100,81.0,32,48,66.7,6,13,46.2,2,1.0,1.0,+1.0,8,6,5,1,9
405,Luka Romero, ARG,"FW,MF",Alavés,20-009,2004,2.1,29,41,70.7,410,68,16,22,72.7,12,12,100.0,,4,0.0,0,0.1,0.2,-0.1,2,0,1,1,0
406,Oriol Romeu, ESP,MF,Girona,33-064,1991,5.7,304,339,89.7,5058,1074,134,145,92.4,147,158,93.0,19,26,73.1,0,0.1,0.3,-0.1,2,31,0,0,20
407,Vitor Roque, BRA,FW,Betis,19-273,2005,7.6,73,103,70.9,942,193,42,55,76.4,20,26,76.9,3,5,60.0,0,0.9,0.2,-0.9,8,1,3,0,6
408,Valentin Rosier, FRA,DF,Leganés,28-100,1996,9.7,311,413,75.3,4835,1799,173,190,91.1,113,156,72.4,18,44,40.9,1,0.3,0.3,+0.7,4,25,3,1,15
409,Antonio Rüdiger, GER,DF,Real Madrid,31-269,1993,12.1,797,876,91.0,14975,4869,296,307,96.4,416,442,94.1,73,108,67.6,0,0.1,0.2,-0.1,3,53,4,1,46
410,Aitor Ruibal, ESP,"FW,DF",Betis,28-250,1996,6.2,166,209,79.4,2540,980,93,99,93.9,53,65,81.5,15,26,57.7,1,1.0,0.7,0.0,11,16,5,3,16
411,Abel Ruiz, ESP,FW,Girona,24-304,2000,7.3,127,141,90.1,1949,241,73,78,93.6,44,46,95.7,9,15,60.0,0,0.0,0.2,0.0,2,10,2,0,11
412,Ferrán Ruiz, ESP,MF,Girona,21-215,2003,0.2,3,6,50.0,39,15,2,3,66.7,1,3,33.3,,,,0,0.0,0.0,0.0,0,0,0,0,1
413,Youssouf Sabaly, SEN,DF,Betis,31-267,1993,6.2,288,345,83.5,4164,1403,161,176,91.5,112,131,85.5,8,21,38.1,0,0.3,0.3,-0.3,5,20,3,2,24
414,Umar Sadiq, NGA,FW,Real Sociedad,27-299,1997,2.3,24,44,54.5,324,64,17,27,63.0,5,9,55.6,1,2,50.0,0,0.2,0.1,-0.2,1,2,0,0,4
415,Jorge Sáenz, ESP,DF,Leganés,28-010,1996,5.8,302,365,82.7,6224,2392,104,110,94.5,156,167,93.4,40,82,48.8,0,0.0,0.0,0.0,1,14,0,0,9
416,Kike Salas, ESP,DF,Sevilla,22-218,2002,5.2,307,387,79.3,5470,1764,120,137,87.6,168,194,86.6,16,49,32.7,0,0.0,0.0,0.0,0,12,0,0,19
417,Albert Sambi Lokonga, BEL,MF,Sevilla,25-036,1999,6.3,342,372,91.9,5283,1409,183,191,95.8,135,144,93.8,17,28,60.7,1,0.4,0.6,+0.6,6,31,4,0,34
418,Chuky san jose, ESP,"MF,FW",Valladolid,20-212,2004,1.0,7,12,58.3,110,74,5,6,83.3,2,2,0.0,,3,66.7,0,0.0,0.1,0.0,1,0,0,0,0
419,Oihan Sancet, ESP,MF,Athletic Club,24-216,2000,8.1,229,277,82.7,3493,810,133,154,86.4,72,85,84.7,17,25,68.0,0,0.9,0.7,-0.9,9,30,8,1,39
420,Antonio Sánchez, ESP,"DF,MF",Mallorca,27-331,1997,5.9,168,236,71.2,2743,913,87,102,85.3,56,75,74.7,17,41,41.5,0,0.6,0.7,-0.6,4,15,5,3,17
421,Iván Sánchez, ESP,"MF,FW",Valladolid,32-065,1992,5.0,134,187,71.7,2553,769,57,64,89.1,54,72,75.0,22,41,53.7,1,1.0,0.8,0.0,6,12,4,1,26
422,Javi Sánchez, ESP,DF,Valladolid,27-258,1997,7.3,292,345,84.6,6068,2093,89,94,94.7,161,173,93.1,42,71,59.2,0,0.2,0.3,-0.2,1,10,0,0,6
423,Juanlu Sánchez, ESP,"MF,DF",Sevilla,21-104,2003,5.3,130,160,81.3,1787,387,78,87,89.7,48,55,87.3,1,2,50.0,1,0.2,0.1,+0.8,7,11,2,1,14
424,Manu Sánchez, ESP,DF,Alavés,24-095,2000,11.5,300,430,69.8,4936,2050,153,188,81.4,119,157,75.8,22,55,40.0,0,0.2,0.6,-0.2,5,24,8,4,37
425,Jesús Santiago, ESP,MF,Getafe,20-186,2004,2.4,40,58,69.0,547,178,28,37,75.7,9,12,75.0,1,5,20.0,0,0.0,0.1,0.0,0,5,0,0,5
,,,,,,,,,,,,,,,,,,,,,,,,,,,,,,
426,Aleksandar Sedlar, SRB,DF,Alavés,32-350,1991,4.6,123,154,79.9,2546,978,38,44,86.4,65,78,83.3,19,29,65.5,0,0.0,0.0,0.0,0,6,0,0,6
427,Sergi, ESP,DF,Leganés,32-221,1992,13.5,584,702,83.2,11642,4370,165,179,92.2,347,379,91.6,68,127,53.5,0,0.0,0.1,0.0,2,17,1,0,29
428,Nicolás Serrano, ESP,FW,Athletic Club,21-267,2003,1.1,20,32,62.5,293,55,10,12,83.3,10,12,83.3,,6,0.0,0,0.0,0.1,0.0,1,1,1,1,3
429,Fábio Silva, POR,"FW,MF",Las Palmas,22-131,2002,8.2,131,204,64.2,1776,321,75,105,71.4,36,55,65.5,8,15,53.3,1,0.2,0.2,+0.8,4,7,4,1,10
430,Rui Silva, POR,GK,Betis,30-294,1994,14.0,388,489,79.3,9590,5858,64,64,100.0,239,239,100.0,82,182,45.1,0,0.1,0.0,-0.1,2,5,0,0,0
431,Giuliano Simeone, ARG,"MF,DF",Atlético Madrid,21-345,2002,3.7,125,167,74.9,1578,485,80,93,86.0,33,48,68.8,3,8,37.5,2,0.6,0.8,+1.4,3,6,5,2,11
432,Daley Sinkgraven, NED,DF,Las Palmas,29-146,1995,1.0,50,66,75.8,682,211,31,31,100.0,17,25,68.0,1,7,14.3,0,0.0,0.0,0.0,1,2,1,0,3
433,Jailson Siqueira, BRA,"DF,MF",Celta Vigo,29-081,1995,5.0,316,351,90.0,5699,2174,115,123,93.5,173,186,93.0,25,35,71.4,0,0.0,0.1,0.0,0,20,0,0,30
434,Antonio Sivera, ESP,GK,Alavés,28-108,1996,14.0,237,421,56.3,9422,8146,16,16,100.0,85,86,98.8,134,315,42.5,0,0.1,0.1,-0.1,1,18,1,0,1
435,Justin Smith, CAN,MF,Espanyol,21-297,2003,0.3,2,5,40.0,24,9,1,4,25.0,1,1,100.0,,,,0,0.0,0.0,0.0,0,0,0,0,0
436,Alex Sola, ESP,"MF,FW",Getafe,25-171,1999,10.1,130,201,64.7,1807,419,89,112,79.5,27,42,64.3,8,25,32.0,1,0.7,0.8,+0.3,9,8,1,1,19
437,Jhon Solis, COL,MF,Girona,20-055,2004,3.2,153,169,90.5,2395,590,82,85,96.5,61,70,87.1,7,8,87.5,0,0.0,0.1,0.0,1,16,1,1,18
438,David Soria, ESP,GK,Getafe,31-237,1993,14.0,184,338,54.4,7092,6066,15,15,100.0,64,64,100.0,105,256,41.0,0,0.0,0.1,0.0,0,17,0,0,0
439,Juan Soriano, ESP,GK,Leganés,27-096,1997,6.0,98,185,53.0,3513,2922,17,17,100.0,35,35,100.0,46,133,34.6,0,0.0,0.0,0.0,0,0,0,0,0
440,Hugo Sotelo, ESP,MF,Celta Vigo,20-344,2003,6.4,448,511,87.7,7987,2025,194,206,94.2,194,206,94.2,47,77,61.0,0,0.5,0.7,-0.5,9,41,5,2,33
441,Djibril Sow, SUI,MF,Sevilla,27-295,1997,6.5,246,279,88.2,3789,954,128,145,88.3,92,97,94.8,16,19,84.2,0,0.4,0.2,-0.4,8,29,3,0,34
442,Carl Starfelt, SWE,DF,Celta Vigo,29-179,1995,11.2,650,694,93.7,11803,4187,235,242,97.1,372,394,94.4,36,45,80.0,0,0.0,0.1,0.0,1,15,0,0,24
443,Orri Steinn Óskarsson, ISL,FW,Real Sociedad,20-090,2004,3.6,35,60,58.3,416,49,28,39,71.8,7,10,70.0,,1,0.0,0,0.0,0.0,0.0,0,1,1,0,3
444,Stoichkov, ESP,"MF,FW",Alavés,31-022,1993,6.3,101,167,60.5,1735,571,47,66,71.2,37,56,66.1,13,26,50.0,1,1.2,0.6,-0.2,6,13,9,1,22
445,Cristhian Stuani, URU,FW,Girona,38-046,1986,2.2,20,31,64.5,215,8,14,21,66.7,5,8,62.5,,1,0.0,0,0.0,0.0,0.0,1,0,0,0,0
446,Álex Suárez, ESP,DF,Las Palmas,31-254,1993,10.9,478,564,84.8,8508,3087,189,196,96.4,249,273,91.2,32,75,42.7,0,0.0,0.0,0.0,1,12,0,0,19
447,Denis Suárez, ESP,MF,Villarreal,30-326,1994,1.1,27,36,75.0,418,141,15,17,88.2,9,11,81.8,2,5,40.0,0,0.1,0.1,-0.1,3,1,0,0,4
448,Luka Sučić, CRO,MF,Real Sociedad,22-080,2002,8.8,313,369,84.8,4711,997,184,204,90.2,96,113,85.0,21,30,70.0,1,1.0,1.3,0.0,12,23,6,1,36
449,Suso, ESP,"FW,MF",Sevilla,31-008,1993,1.3,58,75,77.3,1009,316,29,33,87.9,19,21,90.5,7,16,43.8,0,0.3,0.2,-0.3,6,8,2,0,10
450,Williot Swedberg, SWE,"FW,MF",Celta Vigo,20-300,2004,5.4,95,131,72.5,1329,318,56,69,81.2,28,42,66.7,5,8,62.5,3,1.8,1.4,+1.2,8,8,4,1,12
,,,,,,,,,,,,,,,,,,,,,,,,,,,,,,
451,Mamadou Sylla, SEN,FW,Valladolid,30-252,1994,6.7,54,92,58.7,664,167,38,52,73.1,10,26,38.5,2,4,50.0,1,0.7,0.1,+0.3,6,3,2,0,6
452,Alexander Sørloth, NOR,FW,Atlético Madrid,28-358,1995,7.4,100,161,62.1,1190,264,59,95,62.1,25,38,65.8,2,3,66.7,2,1.3,0.4,+0.7,8,10,4,1,11
453,Renato Tapia, PER,"MF,DF",Leganés,29-122,1995,8.0,264,355,74.4,4765,1501,123,148,83.1,107,131,81.7,29,53,54.7,0,0.1,0.3,-0.1,3,19,4,0,23
454,César Tárrega, ESP,DF,Valencia,22-275,2002,10.0,345,453,76.2,7382,2369,72,86,83.7,227,257,88.3,45,96,46.9,0,0.0,0.1,0.0,1,27,0,0,27
455,Aurélien Tchouaméni, FRA,"MF,DF",Real Madrid,24-305,2000,9.4,606,654,92.7,10573,3484,266,283,94.0,282,300,94.0,49,56,87.5,0,0.3,0.4,-0.3,3,86,5,0,79
456,Álvaro Tejero, ESP,"MF,DF",Espanyol,28-130,1996,7.6,225,318,70.8,4256,1467,96,110,87.3,94,116,81.0,29,67,43.3,2,2.1,2.1,-0.1,21,10,12,8,21
457,Martín Tejón, ESP,"MF,DF",Valencia,20-229,2004,0.5,20,26,76.9,328,95,10,12,83.3,8,10,80.0,1,2,50.0,0,0.0,0.0,0.0,1,2,0,0,4
458,Nahuel Tenaglia, ARG,DF,Alavés,28-280,1996,11.5,255,384,66.4,4457,2142,115,144,79.9,118,159,74.2,18,55,32.7,1,0.4,0.6,+0.6,6,25,7,2,25
459,Marc-André ter Stegen, GER,GK,Barcelona,32-211,1992,5.5,186,203,91.6,4679,3174,17,17,100.0,125,127,98.4,44,59,74.6,0,0.0,0.0,0.0,0,1,1,0,0
460,Ramón Terrats, ESP,"MF,FW",Villarreal,24-040,2000,1.4,63,78,80.8,1148,305,27,28,96.4,27,35,77.1,7,12,58.3,0,0.3,0.4,-0.3,1,7,2,1,7
461,Pablo Torre, ESP,"MF,FW",Barcelona,21-238,2003,2.3,104,129,80.6,1552,417,54,62,87.1,39,43,90.7,6,13,46.2,1,0.4,0.8,+0.6,3,7,3,1,11
462,David Torres, ESP,DF,Valladolid,21-267,2003,7.7,302,353,85.6,5722,2592,101,104,97.1,172,188,91.5,28,53,52.8,0,0.0,0.0,0.0,0,15,0,0,21
463,Ferrán Torres, ESP,FW,Barcelona,24-272,2000,3.6,77,102,75.5,928,273,51,60,85.0,16,23,69.6,4,8,50.0,2,0.2,0.3,+1.8,3,9,5,0,9
464,Lucas Torró, ESP,MF,Osasuna,30-131,1994,13.5,404,553,73.1,6864,2077,189,247,76.5,165,206,80.1,36,73,49.3,0,0.3,0.4,-0.3,2,42,2,0,41
465,Hamari Traoré, MLI,DF,Real Sociedad,32-305,1992,3.5,156,196,79.6,2747,921,71,78,91.0,68,87,78.2,16,26,61.5,1,0.2,0.2,+0.8,2,8,3,1,11
466,Óscar Trejo, ARG,MF,Rayo Vallecano,36-215,1988,1.7,73,89,82.0,972,283,43,48,89.6,18,23,78.3,4,6,66.7,0,0.9,0.1,-0.9,4,6,2,0,13
467,Viktor Tsyhankov, UKR,"FW,MF",Girona,27-012,1997,5.2,188,242,77.7,2842,791,114,130,87.7,51,67,76.1,15,27,55.6,1,0.8,1.4,+0.2,7,13,10,2,23
468,Beñat Turrientes, ESP,MF,Real Sociedad,22-301,2002,5.1,184,215,85.6,3048,689,94,105,89.5,68,74,91.9,16,27,59.3,0,0.0,0.2,0.0,0,21,1,0,25
469,Chrisantus Uche, NGA,"FW,MF",Getafe,21-192,2003,12.0,163,237,68.8,2054,487,109,139,78.4,36,56,64.3,3,10,30.0,0,0.3,0.5,-0.3,9,20,7,2,19
470,Naci Ünüvar, NED,"MF,DF",Espanyol,21-167,2003,0.3,13,18,72.2,193,38,7,8,87.5,3,3,100.0,2,4,50.0,0,0.0,0.1,0.0,1,1,1,1,1
471,Óscar Valentín, ESP,MF,Rayo Vallecano,30-099,1994,9.8,306,381,80.3,4824,1723,157,182,86.3,124,148,83.8,19,33,57.6,0,0.1,0.4,-0.1,3,38,3,1,49
472,Germán Valera, ESP,"MF,FW",Valencia,22-256,2002,0.7,17,21,81.0,231,36,10,10,100.0,7,7,100.0,,3,0.0,0,0.0,0.0,0.0,1,1,0,0,1
473,Martin Valjent, SVK,DF,Mallorca,28-352,1995,9.8,368,428,86.0,7494,2957,115,128,89.8,198,211,93.8,53,82,64.6,0,0.0,0.1,0.0,0,29,0,0,31
474,Jesús Vallejo, ESP,DF,Real Madrid,27-327,1997,0.1,12,14,85.7,221,54,1,1,100.0,11,11,100.0,,2,0.0,0,0.0,0.0,0.0,0,0,0,0,0
475,Federico Valverde, URU,"MF,DF",Real Madrid,26-128,1998,12.4,737,819,90.0,13024,3504,323,345,93.6,321,343,93.6,70,88,79.5,2,1.4,1.3,+0.6,17,79,10,0,82
,,,,,,,,,,,,,,,,,,,,,,,,,,,,,,
476,José Luis García Vayá, ESP,MF,Valencia,26-108,1998,9.5,449,588,76.4,8569,2762,197,219,90.0,188,227,82.8,60,121,49.6,2,1.3,1.2,+0.7,16,75,1,0,62
477,Jesus Vazquez, ESP,DF,Valencia,21-330,2003,6.2,206,274,75.2,2968,791,123,136,90.4,73,96,76.0,7,19,36.8,0,0.2,0.3,-0.2,1,7,2,2,12
478,Lucas Vázquez, ESP,DF,Real Madrid,33-149,1991,5.0,298,347,85.9,4554,1097,159,174,91.4,114,129,88.4,16,28,57.1,1,0.8,0.7,+0.2,8,19,3,0,23
479,Alejo Véliz, ARG,FW,Espanyol,21-069,2003,7.9,77,109,70.6,1124,130,46,57,80.7,21,31,67.7,7,8,87.5,0,0.5,0.0,-0.5,2,7,0,0,5
480,Mikel Vesga, ESP,MF,Athletic Club,31-190,1993,4.0,160,197,81.2,2818,784,70,80,87.5,70,87,80.5,17,23,73.9,0,0.5,0.3,-0.5,6,18,2,0,24
481,Carlos Vicente, ESP,"FW,MF",Alavés,25-218,1999,12.7,218,335,65.1,3635,1509,128,155,82.6,58,96,60.4,28,56,50.0,0,1.6,1.9,-1.6,26,10,15,11,20
482,Pau Victor Delgado, ESP,FW,Barcelona,23-001,2001,1.6,54,68,79.4,797,119,34,37,91.9,17,24,70.8,3,4,75.0,1,0.1,0.1,+0.9,2,4,2,0,4
483,Nacho Vidal, ESP,DF,Osasuna,29-308,1995,1.3,35,44,79.5,548,238,21,23,91.3,7,9,77.8,6,10,60.0,0,0.0,0.0,0.0,0,1,0,0,1
484,Asier Villalibre, ESP,FW,Alavés,27-058,1997,2.4,27,39,69.2,379,76,19,23,82.6,6,11,54.5,2,2,100.0,0,0.0,0.1,0.0,0,1,2,0,4
485,Iván Villar, ESP,GK,Celta Vigo,27-141,1997,4.0,95,117,81.2,1704,1111,30,30,100.0,44,44,100.0,10,32,31.3,0,0.0,0.0,0.0,0,0,0,0,0
486,Viti, ESP,DF,Las Palmas,27-072,1997,8.6,320,391,81.8,5238,1813,158,172,91.9,134,168,79.8,19,29,65.5,1,0.7,0.9,+0.3,6,18,7,5,19
487,Daniel Vivian, ESP,DF,Athletic Club,25-135,1999,10.6,553,635,87.1,10885,4145,169,184,91.8,320,346,92.5,60,94,63.8,0,0.0,0.2,0.0,1,56,1,0,68
488,Iñaki Williams, GHA,FW,Athletic Club,30-165,1994,11.7,183,295,62.0,2712,710,106,144,73.6,65,100,65.0,9,23,39.1,4,3.9,2.1,+0.1,13,12,18,5,27
489,Nico Williams, ESP,FW,Athletic Club,22-138,2002,9.6,224,316,70.9,3488,827,121,149,81.2,82,99,82.8,14,37,37.8,2,2.2,2.8,-0.2,21,9,14,5,30
490,Axel Witsel, BEL,DF,Atlético Madrid,35-320,1989,6.9,379,418,90.7,6905,2640,140,151,92.7,211,229,92.1,26,32,81.3,1,0.5,0.6,+0.5,2,15,0,0,16
491,Lamine Yamal, ESP,FW,Barcelona,17-137,2007,10.8,355,460,77.2,5113,1517,214,248,86.3,119,149,79.9,14,24,58.3,7,5.5,3.0,+1.5,26,28,30,5,59
492,Bertuğ Yıldırım, TUR,FW,Getafe,22-138,2002,8.2,57,109,52.3,721,195,34,58,58.6,15,29,51.7,2,5,40.0,0,0.8,0.4,-0.8,5,6,5,2,8
493,Bryan Zaragoza, ESP,"FW,MF",Osasuna,23-216,2001,10.8,149,249,59.8,2796,831,61,90,67.8,59,87,67.8,24,50,48.0,5,1.9,3.3,+3.1,20,8,18,11,24
494,Igor Zubeldia, ESP,DF,Real Sociedad,27-242,1997,11.4,640,738,86.7,12700,3935,183,204,89.7,405,428,94.6,50,90,55.6,0,0.3,0.4,-0.3,3,47,4,0,53
495,Martín Zubimendi, ESP,MF,Real Sociedad,25-299,1999,13.5,683,796,85.8,11561,3421,324,359,90.3,300,337,89.0,48,74,64.9,1,0.6,0.6,+0.4,9,85,9,0,99
